date,nifty_close,banknifty_close
2026-06-22,24102.900390625,57935.6015625
2026-06-23,23824.099609375,57183.75
2026-06-24,24021.650390625,58150.3515625
2026-06-25,24056.0,58177.05078125
2026-06-29,23946.25,57727.3515625
2026-06-30,23865.75,57542.8984375
2026-07-01,24005.849609375,58033.05078125
2026-07-02,24175.69921875,58031.6484375
2026-07-03,24270.849609375,57938.5
2026-07-06,24430.349609375,58291.5
2026-07-07,24398.69921875,58200.69921875
2026-07-08,23882.05078125,56742.6015625
2026-07-09,23962.80078125,57252.44921875
2026-07-10,24206.900390625,58045.8984375
2026-07-13,24211.0,58131.44921875
2026-07-14,24052.05078125,57462.30078125
2026-07-15,24078.5,57757.8515625
2026-07-16,24072.75,57582.25
2026-07-17,24334.30078125,58521.3984375
2026-07-20,24238.5,57945.0
2026-07-21,24187.69921875,57835.3515625
2026-07-22,23996.25,57126.80078125
2026-07-23,23869.599609375,56592.0
2026-07-24,23767.44921875,56693.5
2026-07-27,23995.94921875,57087.19921875
2026-07-28,23985.349609375,56755.6015625
2026-07-29,24250.19921875,57205.8984375
2026-07-30,24317.150390625,57147.5
2026-07-31,24383.599609375,57264.8515625
2026-08-03,24774.30078125,58247.94921875
2026-08-04,24614.900390625,57907.19921875
2026-08-05,24624.650390625,57739.94921875
2026-08-06,24636.0,58063.6484375
2026-08-07,24570.650390625,57746.44921875
2026-08-10,24583.80078125,57686.94921875
2026-08-11,24471.69921875,57446.25
2026-08-12,24435.94921875,57885.8515625
2026-08-13,24395.849609375,57635.25
2026-08-14,24366.0,57491.1015625
2026-08-17,24287.650390625,57497.80078125
2026-08-18,24154.900390625,57262.3984375
2026-08-19,24078.30078125,57239.75
2026-08-20,24231.849609375,57495.8984375
2026-08-21,24252.0,57761.94921875
2026-08-24,24219.05078125,57525.94921875
2026-08-25,24334.55078125,57514.19921875
2026-08-26,24207.75,57783.75
2026-08-27,24090.849609375,57509.94921875
2026-08-28,24175.650390625,57496.30078125
2026-08-31,24080.400390625,58024.94921875
2026-09-01,24055.80078125,57409.6015625
2026-09-02,23914.44921875,57172.0
2026-09-03,23873.44921875,57380.6015625
2026-09-04,23897.69921875,57369.6484375
2026-09-07,23779.150390625,57088.30078125
2026-09-08,23635.099609375,56777.55078125
2026-09-09,23431.5,56295.55078125
2026-09-10,23477.80078125,56471.94921875
2026-09-11,23398.099609375,56606.55078125
2026-09-15,23118.599609375,55794.75
2026-09-16,23217.599609375,56292.44921875
2026-09-17,23270.599609375,56055.75
2026-09-18,23334.650390625,56368.30078125
