Client ID,SAMPLE-DEMO
Synthetic P&L statement - not a real account,
P&L Statement for F&O from 2026-07-01 to 2026-09-18

,Charges,9453.98
,Other Credit & Debit,-354.00
,Realized P&L,-33969.78
,Unrealized P&L,-5918.25

,Brokerage,2059.21
,Exchange Transaction Charges,2652.44
,Clearing Charges,0.00
,GST,849.43
,STT/CTT,3771.34
,SEBI Turnover Fees,7.55
,Stamp Duty,114.01

Symbol,ISIN,Quantity,Buy Value,Sell Value,Realized P&L,Realized P&L Pct.,Previous Closing Price,Open Quantity,Open Quantity Type,Open Value,Unrealized P&L,Unrealized P&L Pct.
BANKNIFTY26AUG55800PE,,0,0.00,2020.50,2020.50,0.00,,0,,0.00,0.00,0.00
BANKNIFTY26AUG56000PE,,150,60168.00,57270.00,-2898.00,-4.82,,0,,0.00,0.00,0.00
BANKNIFTY26AUG56500PE,,120,63723.00,60024.00,-3699.00,-5.80,,0,,0.00,0.00,0.00
BANKNIFTY26AUG56600PE,,180,109908.00,114925.50,5017.50,4.57,,0,,0.00,0.00,0.00
BANKNIFTY26AUG56900PE,,30,19291.50,18663.00,-628.50,-3.26,,0,,0.00,0.00,0.00
BANKNIFTY26AUG57300PE,,150,51834.00,55965.00,4131.00,7.97,,0,,0.00,0.00,0.00
BANKNIFTY26AUG57500PE,,270,107865.00,112732.50,4867.50,4.51,,0,,0.00,0.00,0.00
BANKNIFTY26AUG57600CE,,180,74043.00,77521.50,3478.50,4.70,,0,,0.00,0.00,0.00
BANKNIFTY26AUG57900CE,,180,40518.00,42460.50,1942.50,4.79,,0,,0.00,0.00,0.00
BANKNIFTY26AUG58600CE,,90,48504.00,47623.50,-880.50,-1.82,,0,,0.00,0.00,0.00
BANKNIFTY26JUL57100CE,,90,44521.50,43533.00,-988.50,-2.22,,0,,0.00,0.00,0.00
BANKNIFTY26JUL57500PE,,270,125739.00,109533.00,-16206.00,-12.89,,0,,0.00,0.00,0.00
BANKNIFTY26JUL58100CE,,120,50622.00,44319.00,-6303.00,-12.45,,0,,0.00,0.00,0.00
BANKNIFTY26JUL58100PE,,60,22003.50,20985.00,-1018.50,-4.63,,0,,0.00,0.00,0.00
BANKNIFTY26OCT54000PE,,0,0.00,32461.50,0.00,0.00,322.65,90,Short,32461.50,3423.00,10.54
BANKNIFTY26SEP55400PE,,60,23614.50,22806.00,-808.50,-3.42,,0,,0.00,0.00,0.00
BANKNIFTY26SEP56000PE,,240,118920.00,104514.00,-14406.00,-12.11,,0,,0.00,0.00,0.00
BANKNIFTY26SEP56200PE,,60,25549.50,24375.00,-1174.50,-4.60,,0,,0.00,0.00,0.00
BANKNIFTY26SEP56300PE,,60,31098.00,29997.00,-1101.00,-3.54,,0,,0.00,0.00,0.00
BANKNIFTY26SEP57100PE,,90,54337.50,52693.50,-1644.00,-3.03,,0,,0.00,0.00,0.00
BANKNIFTY26SEP57400PE,,150,106155.00,93057.00,-13098.00,-12.34,,0,,0.00,0.00,0.00
BANKNIFTY26SEP57600CE,,30,22174.50,21282.00,-892.50,-4.02,,0,,0.00,0.00,0.00
BANKNIFTY26SEP58100CE,,60,42045.00,40840.50,-1204.50,-2.86,,0,,0.00,0.00,0.00
NIFTY2670724000CE,,225,30862.50,32962.50,2100.00,6.80,,0,,0.00,0.00,0.00
NIFTY2670724100PE,,450,49635.00,51911.25,2276.25,4.59,,0,,0.00,0.00,0.00
NIFTY2670724400CE,,75,8021.25,7335.00,-686.25,-8.56,,0,,0.00,0.00,0.00
NIFTY2671423750PE,,225,27862.50,29115.00,1252.50,4.50,,0,,0.00,0.00,0.00
NIFTY2671423900PE,,525,66142.50,70822.50,4680.00,7.08,,0,,0.00,0.00,0.00
NIFTY2671424050CE,,225,26703.75,25886.25,-817.50,-3.06,,0,,0.00,0.00,0.00
NIFTY2671424050PE,,150,14546.25,13785.00,-761.25,-5.23,,0,,0.00,0.00,0.00
NIFTY2671424300CE,,150,28425.00,26021.25,-2403.75,-8.46,,0,,0.00,0.00,0.00
NIFTY2671424350CE,,225,23456.25,22541.25,-915.00,-3.90,,0,,0.00,0.00,0.00
NIFTY2671424450CE,,75,12127.50,11385.00,-742.50,-6.12,,0,,0.00,0.00,0.00
NIFTY2671424500CE,,225,34293.75,36843.75,2550.00,7.44,,0,,0.00,0.00,0.00
NIFTY2671424750CE,,375,40500.00,43605.00,3105.00,7.67,,0,,0.00,0.00,0.00
NIFTY2672123950PE,,225,39510.00,36705.00,-2805.00,-7.10,,0,,0.00,0.00,0.00
NIFTY2672124000PE,,375,46875.00,49098.75,2223.75,4.74,,0,,0.00,0.00,0.00
NIFTY2672124100CE,,450,54922.50,57273.75,2351.25,4.28,,0,,0.00,0.00,0.00
NIFTY2672124200CE,,375,59868.75,62598.75,2730.00,4.56,,0,,0.00,0.00,0.00
NIFTY2672124300CE,,675,99697.50,84296.25,-15401.25,-15.45,,0,,0.00,0.00,0.00
NIFTY2672124500CE,,150,13766.25,13087.50,-678.75,-4.93,,0,,0.00,0.00,0.00
NIFTY2680424150PE,,750,76912.50,80193.75,3281.25,4.27,,0,,0.00,0.00,0.00
NIFTY2680424300CE,,375,49001.25,52631.25,3630.00,7.41,,0,,0.00,0.00,0.00
NIFTY2680424550CE,,750,68625.00,71756.25,3131.25,4.56,,0,,0.00,0.00,0.00
NIFTY2681123550PE,,750,145008.75,124413.75,-20595.00,-14.20,,0,,0.00,0.00,0.00
NIFTY2681124600PE,,750,103151.25,105258.75,2107.50,2.04,,0,,0.00,0.00,0.00
NIFTY2681124750CE,,150,21112.50,20272.50,-840.00,-3.98,,0,,0.00,0.00,0.00
NIFTY2681124900CE,,225,35017.50,36090.00,1072.50,3.06,,0,,0.00,0.00,0.00
NIFTY2681124950CE,,150,23422.50,22068.75,-1353.75,-5.78,,0,,0.00,0.00,0.00
NIFTY2681823750PE,,0,0.00,2846.25,2846.25,0.00,,0,,0.00,0.00,0.00
NIFTY2681824200PE,,1125,99000.00,103530.00,4530.00,4.58,,0,,0.00,0.00,0.00
NIFTY2681824350PE,,300,42465.00,39367.50,-3097.50,-7.29,,0,,0.00,0.00,0.00
NIFTY2681824400CE,,150,20572.50,19091.25,-1481.25,-7.20,,0,,0.00,0.00,0.00
NIFTY2681824600PE,,300,51862.50,55650.00,3787.50,7.30,,0,,0.00,0.00,0.00
NIFTY2690124100PE,,225,31083.75,28380.00,-2703.75,-8.70,,0,,0.00,0.00,0.00
NIFTY2690124150PE,,750,99176.25,105202.50,6026.25,6.08,,0,,0.00,0.00,0.00
NIFTY2690124200PE,,450,59377.50,61953.75,2576.25,4.34,,0,,0.00,0.00,0.00
NIFTY2690124400CE,,525,63945.00,59152.50,-4792.50,-7.49,,0,,0.00,0.00,0.00
NIFTY2690823800PE,,0,0.00,8962.50,-3405.03,0.00,,0,,0.00,0.00,0.00
NIFTY2690823900PE,,150,20253.75,19462.50,-791.25,-3.91,,0,,0.00,0.00,0.00
NIFTY2690823950PE,,225,41681.25,38280.00,-3401.25,-8.16,,0,,0.00,0.00,0.00
NIFTY2690824000CE,,825,78828.75,82563.75,3735.00,4.74,,0,,0.00,0.00,0.00
NIFTY2690824050CE,,450,55417.50,58050.00,2632.50,4.75,,0,,0.00,0.00,0.00
NIFTY2690824050PE,,150,23887.50,25785.00,1897.50,7.94,,0,,0.00,0.00,0.00
NIFTY2691523400CE,,300,33236.25,35565.00,2328.75,7.01,,0,,0.00,0.00,0.00
NIFTY2691523400PE,,375,46312.50,42705.00,-3607.50,-7.79,,0,,0.00,0.00,0.00
NIFTY2691523600CE,,375,39450.00,41130.00,1680.00,4.26,,0,,0.00,0.00,0.00
NIFTY2691524200CE,,300,46035.00,49537.50,3502.50,7.61,,0,,0.00,0.00,0.00
NIFTY2692223150PE,,375,61106.25,55905.00,-5201.25,-8.51,,0,,0.00,0.00,0.00
NIFTY2692223350PE,,75,9356.25,8565.00,-791.25,-8.46,,0,,0.00,0.00,0.00
NIFTY2692223400CE,,825,84727.50,88503.75,3776.25,4.46,,0,,0.00,0.00,0.00
NIFTY26AUG24250CE,,225,27558.75,29846.25,2287.50,8.30,,0,,0.00,0.00,0.00
NIFTY26AUG24700CE,,300,45015.00,48307.50,3292.50,7.31,,0,,0.00,0.00,0.00
NIFTY26JUL23700PE,,675,70065.00,73323.75,3258.75,4.65,,0,,0.00,0.00,0.00
NIFTY26JUL23750PE,,375,38062.50,39855.00,1792.50,4.71,,0,,0.00,0.00,0.00
NIFTY26JUL23850PE,,150,18900.00,18026.25,-873.75,-4.62,,0,,0.00,0.00,0.00
NIFTY26JUL24150CE,,150,18626.25,17887.50,-738.75,-3.97,,0,,0.00,0.00,0.00
NIFTY26JUL24150PE,,675,92407.50,96375.00,3967.50,4.29,,0,,0.00,0.00,0.00
NIFTY26OCT22500PE,,150,40031.25,0.00,0.00,0.00,204.60,150,Long,40031.25,-9341.25,-23.33
