symbol,isin,trade_date,exchange,segment,series,trade_type,auction,quantity,price,trade_id,order_id,order_execution_time,expiry_date
NIFTY2670724000CE,,2026-07-01,NFO,FO,OPT,buy,false,75,135.80,SMP41000003,SMP260701100007,2026-07-01T09:45:00,2026-07-07
NIFTY2670724000CE,,2026-07-01,NFO,FO,OPT,buy,false,75,135.85,SMP41000038,SMP260701100007,2026-07-01T09:45:01,2026-07-07
NIFTY2670724000CE,,2026-07-01,NFO,FO,OPT,buy,false,75,139.85,SMP41000041,SMP260701100014,2026-07-01T10:40:00,2026-07-07
NIFTY2670724000CE,,2026-07-01,NFO,FO,OPT,sell,false,150,146.50,SMP41000069,SMP260701100021,2026-07-01T11:50:00,2026-07-07
NIFTY2670724000CE,,2026-07-01,NFO,FO,OPT,sell,false,75,146.50,SMP41000073,SMP260701100021,2026-07-01T11:50:01,2026-07-07
NIFTY2671424300CE,,2026-07-01,NFO,FO,OPT,sell,false,75,173.50,SMP41000097,SMP260701100028,2026-07-01T14:10:00,2026-07-14
NIFTY2671424300CE,,2026-07-01,NFO,FO,OPT,sell,false,75,173.45,SMP41000114,SMP260701100028,2026-07-01T14:10:01,2026-07-14
NIFTY2670724100PE,,2026-07-02,NFO,FO,OPT,sell,false,150,116.55,SMP41000116,SMP260702100007,2026-07-02T11:30:00,2026-07-07
NIFTY2670724100PE,,2026-07-02,NFO,FO,OPT,sell,false,150,116.50,SMP41000130,SMP260702100007,2026-07-02T11:30:01,2026-07-07
NIFTY2670724100PE,,2026-07-02,NFO,FO,OPT,sell,false,75,113.05,SMP41000146,SMP260702100014,2026-07-02T12:20:00,2026-07-07
NIFTY2670724100PE,,2026-07-02,NFO,FO,OPT,sell,false,75,113.00,SMP41000179,SMP260702100014,2026-07-02T12:20:01,2026-07-07
NIFTY2670724100PE,,2026-07-02,NFO,FO,OPT,buy,false,225,110.30,SMP41000207,SMP260702100021,2026-07-02T15:15:00,2026-07-07
NIFTY2670724100PE,,2026-07-02,NFO,FO,OPT,buy,false,225,110.30,SMP41000220,SMP260702100021,2026-07-02T15:15:01,2026-07-07
NIFTY2670724400CE,,2026-07-03,NFO,FO,OPT,sell,false,75,97.80,SMP41000249,SMP260703100007,2026-07-03T09:20:00,2026-07-07
NIFTY2670724400CE,,2026-07-03,NFO,FO,OPT,buy,false,75,106.95,SMP41000281,SMP260703100014,2026-07-03T11:05:00,2026-07-07
NIFTY2671424500CE,,2026-07-06,NFO,FO,OPT,buy,false,150,152.40,SMP41000291,SMP260706100007,2026-07-06T09:45:00,2026-07-14
NIFTY2671424500CE,,2026-07-06,NFO,FO,OPT,buy,false,75,152.45,SMP41000312,SMP260706100007,2026-07-06T09:45:01,2026-07-14
NIFTY2671424300CE,,2026-07-06,NFO,FO,OPT,buy,false,75,189.50,SMP41000317,SMP260706100014,2026-07-06T11:20:00,2026-07-14
NIFTY2671424300CE,,2026-07-06,NFO,FO,OPT,buy,false,75,189.50,SMP41000325,SMP260706100014,2026-07-06T11:20:01,2026-07-14
NIFTY2671424500CE,,2026-07-06,NFO,FO,OPT,sell,false,150,163.75,SMP41000338,SMP260706100021,2026-07-06T12:15:00,2026-07-14
NIFTY2671424500CE,,2026-07-06,NFO,FO,OPT,sell,false,75,163.75,SMP41000363,SMP260706100021,2026-07-06T12:15:01,2026-07-14
NIFTY2671424750CE,,2026-07-06,NFO,FO,OPT,sell,false,225,116.30,SMP41000394,SMP260706100028,2026-07-06T13:45:00,2026-07-14
NIFTY2671424750CE,,2026-07-06,NFO,FO,OPT,sell,false,150,116.25,SMP41000426,SMP260706100028,2026-07-06T13:45:01,2026-07-14
NIFTY2671424450CE,,2026-07-07,NFO,FO,OPT,sell,false,75,151.80,SMP41000433,SMP260707100007,2026-07-07T10:15:00,2026-07-14
NIFTY2671424450CE,,2026-07-07,NFO,FO,OPT,buy,false,75,161.70,SMP41000469,SMP260707100014,2026-07-07T12:55:00,2026-07-14
NIFTY2671424050CE,,2026-07-08,NFO,FO,OPT,buy,false,75,118.65,SMP41000486,SMP260708100007,2026-07-08T09:16:00,2026-07-14
NIFTY2671424050CE,,2026-07-08,NFO,FO,OPT,buy,false,75,118.70,SMP41000507,SMP260708100007,2026-07-08T09:16:01,2026-07-14
NIFTY2671424050CE,,2026-07-08,NFO,FO,OPT,buy,false,75,118.70,SMP41000541,SMP260708100007,2026-07-08T09:16:02,2026-07-14
NIFTY2671424050CE,,2026-07-08,NFO,FO,OPT,sell,false,75,115.05,SMP41000569,SMP260708100014,2026-07-08T09:19:00,2026-07-14
NIFTY2671424050CE,,2026-07-08,NFO,FO,OPT,sell,false,75,115.05,SMP41000572,SMP260708100014,2026-07-08T09:19:01,2026-07-14
NIFTY2671424050CE,,2026-07-08,NFO,FO,OPT,sell,false,75,115.05,SMP41000590,SMP260708100014,2026-07-08T09:19:02,2026-07-14
BANKNIFTY26JUL57100CE,,2026-07-08,NFO,FO,OPT,buy,false,30,494.65,SMP41000602,SMP260708100021,2026-07-08T09:27:00,2026-07-28
BANKNIFTY26JUL57100CE,,2026-07-08,NFO,FO,OPT,buy,false,30,494.70,SMP41000631,SMP260708100021,2026-07-08T09:27:01,2026-07-28
BANKNIFTY26JUL57100CE,,2026-07-08,NFO,FO,OPT,buy,false,30,494.70,SMP41000658,SMP260708100021,2026-07-08T09:27:02,2026-07-28
BANKNIFTY26JUL57100CE,,2026-07-08,NFO,FO,OPT,sell,false,30,483.70,SMP41000666,SMP260708100028,2026-07-08T09:30:00,2026-07-28
BANKNIFTY26JUL57100CE,,2026-07-08,NFO,FO,OPT,sell,false,30,483.70,SMP41000674,SMP260708100028,2026-07-08T09:30:01,2026-07-28
BANKNIFTY26JUL57100CE,,2026-07-08,NFO,FO,OPT,sell,false,30,483.70,SMP41000692,SMP260708100028,2026-07-08T09:30:02,2026-07-28
NIFTY2671423750PE,,2026-07-08,NFO,FO,OPT,buy,false,75,123.80,SMP41000697,SMP260708100035,2026-07-08T09:41:00,2026-07-14
NIFTY2671423750PE,,2026-07-08,NFO,FO,OPT,buy,false,75,123.85,SMP41000712,SMP260708100035,2026-07-08T09:41:01,2026-07-14
NIFTY2671423750PE,,2026-07-08,NFO,FO,OPT,buy,false,75,123.85,SMP41000732,SMP260708100035,2026-07-08T09:41:02,2026-07-14
NIFTY2671423750PE,,2026-07-08,NFO,FO,OPT,sell,false,75,129.40,SMP41000754,SMP260708100042,2026-07-08T09:44:00,2026-07-14
NIFTY2671423750PE,,2026-07-08,NFO,FO,OPT,sell,false,75,129.40,SMP41000765,SMP260708100042,2026-07-08T09:44:01,2026-07-14
NIFTY2671423750PE,,2026-07-08,NFO,FO,OPT,sell,false,75,129.40,SMP41000801,SMP260708100042,2026-07-08T09:44:02,2026-07-14
NIFTY2671423900PE,,2026-07-09,NFO,FO,OPT,buy,false,225,124.90,SMP41000831,SMP260709100007,2026-07-09T10:30:00,2026-07-14
NIFTY2671423900PE,,2026-07-09,NFO,FO,OPT,buy,false,150,124.95,SMP41000835,SMP260709100007,2026-07-09T10:30:01,2026-07-14
NIFTY2671423900PE,,2026-07-09,NFO,FO,OPT,buy,false,150,128.65,SMP41000866,SMP260709100014,2026-07-09T11:10:00,2026-07-14
NIFTY2671423900PE,,2026-07-09,NFO,FO,OPT,sell,false,300,134.90,SMP41000867,SMP260709100021,2026-07-09T12:40:00,2026-07-14
NIFTY2671423900PE,,2026-07-09,NFO,FO,OPT,sell,false,225,134.90,SMP41000883,SMP260709100021,2026-07-09T12:40:01,2026-07-14
NIFTY2671424050PE,,2026-07-10,NFO,FO,OPT,buy,false,75,96.95,SMP41000910,SMP260710100007,2026-07-10T09:24:00,2026-07-14
NIFTY2671424050PE,,2026-07-10,NFO,FO,OPT,buy,false,75,97.00,SMP41000939,SMP260710100007,2026-07-10T09:24:01,2026-07-14
NIFTY2671424050PE,,2026-07-10,NFO,FO,OPT,sell,false,75,91.90,SMP41000943,SMP260710100014,2026-07-10T09:27:00,2026-07-14
NIFTY2671424050PE,,2026-07-10,NFO,FO,OPT,sell,false,75,91.90,SMP41000975,SMP260710100014,2026-07-10T09:27:01,2026-07-14
NIFTY2671424350CE,,2026-07-10,NFO,FO,OPT,sell,false,150,100.20,SMP41000998,SMP260710100021,2026-07-10T09:48:00,2026-07-14
NIFTY2671424350CE,,2026-07-10,NFO,FO,OPT,sell,false,75,100.15,SMP41001015,SMP260710100021,2026-07-10T09:48:01,2026-07-14
NIFTY2671424350CE,,2026-07-10,NFO,FO,OPT,buy,false,150,104.25,SMP41001034,SMP260710100028,2026-07-10T09:51:00,2026-07-14
NIFTY2671424350CE,,2026-07-10,NFO,FO,OPT,buy,false,75,104.25,SMP41001042,SMP260710100028,2026-07-10T09:51:01,2026-07-14
NIFTY2671424750CE,,2026-07-10,NFO,FO,OPT,buy,false,225,108.00,SMP41001057,SMP260710100035,2026-07-10T11:05:00,2026-07-14
NIFTY2671424750CE,,2026-07-10,NFO,FO,OPT,buy,false,150,108.00,SMP41001076,SMP260710100035,2026-07-10T11:05:01,2026-07-14
NIFTY2672123950PE,,2026-07-10,NFO,FO,OPT,sell,false,150,163.15,SMP41001085,SMP260710100042,2026-07-10T13:15:00,2026-07-21
NIFTY2672123950PE,,2026-07-10,NFO,FO,OPT,sell,false,75,163.10,SMP41001095,SMP260710100042,2026-07-10T13:15:01,2026-07-21
NIFTY2672124200CE,,2026-07-13,NFO,FO,OPT,sell,false,225,166.95,SMP41001130,SMP260713100007,2026-07-13T09:45:00,2026-07-21
NIFTY2672124200CE,,2026-07-13,NFO,FO,OPT,sell,false,150,166.90,SMP41001166,SMP260713100007,2026-07-13T09:45:01,2026-07-21
NIFTY2672124200CE,,2026-07-13,NFO,FO,OPT,buy,false,225,159.65,SMP41001187,SMP260713100014,2026-07-13T11:15:00,2026-07-21
NIFTY2672124200CE,,2026-07-13,NFO,FO,OPT,buy,false,150,159.65,SMP41001205,SMP260713100014,2026-07-13T11:15:01,2026-07-21
BANKNIFTY26JUL57500PE,,2026-07-13,NFO,FO,OPT,sell,false,150,405.70,SMP41001224,SMP260713100021,2026-07-13T13:40:00,2026-07-28
BANKNIFTY26JUL57500PE,,2026-07-13,NFO,FO,OPT,sell,false,120,405.65,SMP41001242,SMP260713100021,2026-07-13T13:40:01,2026-07-28
NIFTY2672123950PE,,2026-07-14,NFO,FO,OPT,buy,false,150,175.60,SMP41001273,SMP260714100007,2026-07-14T10:40:00,2026-07-21
NIFTY2672123950PE,,2026-07-14,NFO,FO,OPT,buy,false,75,175.60,SMP41001303,SMP260714100007,2026-07-14T10:40:01,2026-07-21
BANKNIFTY26JUL57500PE,,2026-07-14,NFO,FO,OPT,buy,false,150,465.70,SMP41001335,SMP260714100014,2026-07-14T11:30:00,2026-07-28
BANKNIFTY26JUL57500PE,,2026-07-14,NFO,FO,OPT,buy,false,120,465.70,SMP41001367,SMP260714100014,2026-07-14T11:30:01,2026-07-28
NIFTY2672124300CE,,2026-07-14,NFO,FO,OPT,sell,false,150,116.55,SMP41001387,SMP260714100021,2026-07-14T14:05:00,2026-07-21
NIFTY2672124300CE,,2026-07-14,NFO,FO,OPT,sell,false,75,116.50,SMP41001407,SMP260714100021,2026-07-14T14:05:01,2026-07-21
NIFTY2672124000PE,,2026-07-15,NFO,FO,OPT,sell,false,225,130.95,SMP41001437,SMP260715100007,2026-07-15T10:30:00,2026-07-21
NIFTY2672124000PE,,2026-07-15,NFO,FO,OPT,sell,false,150,130.90,SMP41001472,SMP260715100007,2026-07-15T10:30:01,2026-07-21
NIFTY2672124300CE,,2026-07-15,NFO,FO,OPT,sell,false,150,124.70,SMP41001503,SMP260715100014,2026-07-15T11:20:00,2026-07-21
NIFTY2672124300CE,,2026-07-15,NFO,FO,OPT,sell,false,75,124.65,SMP41001526,SMP260715100014,2026-07-15T11:20:01,2026-07-21
NIFTY2672124000PE,,2026-07-15,NFO,FO,OPT,buy,false,225,125.00,SMP41001557,SMP260715100021,2026-07-15T12:30:00,2026-07-21
NIFTY2672124000PE,,2026-07-15,NFO,FO,OPT,buy,false,150,125.00,SMP41001594,SMP260715100021,2026-07-15T12:30:01,2026-07-21
NIFTY2680423750PE,,2026-07-16,NFO,FO,OPT,buy,false,75,209.55,SMP41001625,SMP260716100007,2026-07-16T09:55:00,2026-08-04
NIFTY2680423750PE,,2026-07-16,NFO,FO,OPT,buy,false,75,209.60,SMP41001638,SMP260716100007,2026-07-16T09:55:01,2026-08-04
NIFTY2672124100CE,,2026-07-16,NFO,FO,OPT,sell,false,225,127.30,SMP41001661,SMP260716100014,2026-07-16T10:30:00,2026-07-21
NIFTY2672124100CE,,2026-07-16,NFO,FO,OPT,sell,false,225,127.25,SMP41001676,SMP260716100014,2026-07-16T10:30:01,2026-07-21
NIFTY2672124300CE,,2026-07-16,NFO,FO,OPT,sell,false,150,133.45,SMP41001710,SMP260716100021,2026-07-16T11:40:00,2026-07-21
NIFTY2672124300CE,,2026-07-16,NFO,FO,OPT,sell,false,75,133.40,SMP41001713,SMP260716100021,2026-07-16T11:40:01,2026-07-21
NIFTY2672124100CE,,2026-07-16,NFO,FO,OPT,buy,false,225,122.05,SMP41001721,SMP260716100028,2026-07-16T13:20:00,2026-07-21
NIFTY2672124100CE,,2026-07-16,NFO,FO,OPT,buy,false,225,122.05,SMP41001723,SMP260716100028,2026-07-16T13:20:01,2026-07-21
BANKNIFTY26JUL58100CE,,2026-07-16,NFO,FO,OPT,sell,false,60,369.35,SMP41001756,SMP260716100035,2026-07-16T14:00:00,2026-07-28
BANKNIFTY26JUL58100CE,,2026-07-16,NFO,FO,OPT,sell,false,60,369.30,SMP41001763,SMP260716100035,2026-07-16T14:00:01,2026-07-28
NIFTY2672124500CE,,2026-07-17,NFO,FO,OPT,buy,false,75,91.75,SMP41001781,SMP260717100007,2026-07-17T10:05:00,2026-07-21
NIFTY2672124500CE,,2026-07-17,NFO,FO,OPT,buy,false,75,91.80,SMP41001792,SMP260717100007,2026-07-17T10:05:01,2026-07-21
NIFTY2672124500CE,,2026-07-17,NFO,FO,OPT,sell,false,75,87.25,SMP41001813,SMP260717100014,2026-07-17T10:08:00,2026-07-21
NIFTY2672124500CE,,2026-07-17,NFO,FO,OPT,sell,false,75,87.25,SMP41001849,SMP260717100014,2026-07-17T10:08:01,2026-07-21
NIFTY2672124300CE,,2026-07-17,NFO,FO,OPT,buy,false,225,147.70,SMP41001877,SMP260717100021,2026-07-17T10:20:00,2026-07-21
NIFTY2672124300CE,,2026-07-17,NFO,FO,OPT,buy,false,225,147.70,SMP41001911,SMP260717100021,2026-07-17T10:20:01,2026-07-21
NIFTY2672124300CE,,2026-07-17,NFO,FO,OPT,buy,false,225,147.70,SMP41001940,SMP260717100021,2026-07-17T10:20:02,2026-07-21
BANKNIFTY26JUL58100PE,,2026-07-17,NFO,FO,OPT,buy,false,30,366.70,SMP41001942,SMP260717100028,2026-07-17T10:40:00,2026-07-28
BANKNIFTY26JUL58100PE,,2026-07-17,NFO,FO,OPT,buy,false,30,366.75,SMP41001950,SMP260717100028,2026-07-17T10:40:01,2026-07-28
BANKNIFTY26JUL58100PE,,2026-07-17,NFO,FO,OPT,sell,false,30,349.75,SMP41001980,SMP260717100035,2026-07-17T10:43:00,2026-07-28
BANKNIFTY26JUL58100PE,,2026-07-17,NFO,FO,OPT,sell,false,30,349.75,SMP41001994,SMP260717100035,2026-07-17T10:43:01,2026-07-28
BANKNIFTY26JUL58100CE,,2026-07-17,NFO,FO,OPT,buy,false,60,421.85,SMP41001998,SMP260717100042,2026-07-17T11:05:00,2026-07-28
BANKNIFTY26JUL58100CE,,2026-07-17,NFO,FO,OPT,buy,false,60,421.85,SMP41002025,SMP260717100042,2026-07-17T11:05:01,2026-07-28
NIFTY2680423750PE,,2026-07-20,NFO,FO,OPT,buy,false,75,200.10,SMP41002053,SMP260720100007,2026-07-20T10:15:00,2026-08-04
NIFTY2680423750PE,,2026-07-20,NFO,FO,OPT,buy,false,75,200.15,SMP41002080,SMP260720100007,2026-07-20T10:15:01,2026-08-04
BANKNIFTY26AUG56500PE,,2026-07-20,NFO,FO,OPT,buy,false,60,531.00,SMP41002103,SMP260720100014,2026-07-20T12:00:00,2026-08-25
BANKNIFTY26AUG56500PE,,2026-07-20,NFO,FO,OPT,buy,false,60,531.05,SMP41002112,SMP260720100014,2026-07-20T12:00:01,2026-08-25
BANKNIFTY26AUG56000PE,,2026-07-20,NFO,FO,OPT,buy,false,90,401.10,SMP41002146,SMP260720100021,2026-07-20T13:10:00,2026-08-25
BANKNIFTY26AUG56000PE,,2026-07-20,NFO,FO,OPT,buy,false,60,401.15,SMP41002152,SMP260720100021,2026-07-20T13:10:01,2026-08-25
NIFTY26JUL24150PE,,2026-07-21,NFO,FO,OPT,sell,false,375,142.80,SMP41002168,SMP260721100007,2026-07-21T10:05:00,2026-07-28
NIFTY26JUL24150PE,,2026-07-21,NFO,FO,OPT,sell,false,300,142.75,SMP41002187,SMP260721100007,2026-07-21T10:05:01,2026-07-28
NIFTY26JUL24150PE,,2026-07-21,NFO,FO,OPT,buy,false,375,136.90,SMP41002224,SMP260721100014,2026-07-21T12:55:00,2026-07-28
NIFTY26JUL24150PE,,2026-07-21,NFO,FO,OPT,buy,false,300,136.90,SMP41002260,SMP260721100014,2026-07-21T12:55:01,2026-07-28
NIFTY26JUL23850PE,,2026-07-22,NFO,FO,OPT,sell,false,75,120.20,SMP41002264,SMP260722100007,2026-07-22T09:22:00,2026-07-28
NIFTY26JUL23850PE,,2026-07-22,NFO,FO,OPT,sell,false,75,120.15,SMP41002295,SMP260722100007,2026-07-22T09:22:01,2026-07-28
NIFTY26JUL23850PE,,2026-07-22,NFO,FO,OPT,buy,false,75,126.00,SMP41002297,SMP260722100014,2026-07-22T09:25:00,2026-07-28
NIFTY26JUL23850PE,,2026-07-22,NFO,FO,OPT,buy,false,75,126.00,SMP41002333,SMP260722100014,2026-07-22T09:25:01,2026-07-28
NIFTY26JUL24150CE,,2026-07-22,NFO,FO,OPT,buy,false,75,124.15,SMP41002348,SMP260722100021,2026-07-22T09:50:00,2026-07-28
NIFTY26JUL24150CE,,2026-07-22,NFO,FO,OPT,buy,false,75,124.20,SMP41002381,SMP260722100021,2026-07-22T09:50:01,2026-07-28
NIFTY26JUL24150CE,,2026-07-22,NFO,FO,OPT,sell,false,75,119.25,SMP41002415,SMP260722100028,2026-07-22T09:53:00,2026-07-28
NIFTY26JUL24150CE,,2026-07-22,NFO,FO,OPT,sell,false,75,119.25,SMP41002448,SMP260722100028,2026-07-22T09:53:01,2026-07-28
NIFTY2680423750PE,,2026-07-22,NFO,FO,OPT,buy,false,75,191.10,SMP41002462,SMP260722100035,2026-07-22T10:20:00,2026-08-04
NIFTY2680423750PE,,2026-07-22,NFO,FO,OPT,buy,false,75,191.15,SMP41002484,SMP260722100035,2026-07-22T10:20:01,2026-08-04
NIFTY26JUL23700PE,,2026-07-23,NFO,FO,OPT,sell,false,375,108.65,SMP41002510,SMP260723100007,2026-07-23T10:20:00,2026-07-28
NIFTY26JUL23700PE,,2026-07-23,NFO,FO,OPT,sell,false,300,108.60,SMP41002517,SMP260723100007,2026-07-23T10:20:01,2026-07-28
NIFTY2680423750PE,,2026-07-23,NFO,FO,OPT,buy,false,75,182.50,SMP41002545,SMP260723100014,2026-07-23T11:15:00,2026-08-04
NIFTY26JUL23700PE,,2026-07-23,NFO,FO,OPT,buy,false,375,103.80,SMP41002581,SMP260723100021,2026-07-23T14:15:00,2026-07-28
NIFTY26JUL23700PE,,2026-07-23,NFO,FO,OPT,buy,false,300,103.80,SMP41002592,SMP260723100021,2026-07-23T14:15:01,2026-07-28
NIFTY26JUL23750PE,,2026-07-24,NFO,FO,OPT,sell,false,150,107.60,SMP41002595,SMP260724100007,2026-07-24T09:25:00,2026-07-28
NIFTY26JUL23750PE,,2026-07-24,NFO,FO,OPT,sell,false,75,107.55,SMP41002605,SMP260724100007,2026-07-24T09:25:01,2026-07-28
NIFTY26JUL23750PE,,2026-07-24,NFO,FO,OPT,sell,false,75,104.35,SMP41002613,SMP260724100014,2026-07-24T10:05:00,2026-07-28
NIFTY26JUL23750PE,,2026-07-24,NFO,FO,OPT,sell,false,75,104.30,SMP41002639,SMP260724100014,2026-07-24T10:05:01,2026-07-28
NIFTY2680423750PE,,2026-07-24,NFO,FO,OPT,buy,false,75,174.30,SMP41002675,SMP260724100021,2026-07-24T10:40:00,2026-08-04
NIFTY26JUL23750PE,,2026-07-24,NFO,FO,OPT,buy,false,225,101.50,SMP41002691,SMP260724100028,2026-07-24T11:30:00,2026-07-28
NIFTY26JUL23750PE,,2026-07-24,NFO,FO,OPT,buy,false,150,101.50,SMP41002722,SMP260724100028,2026-07-24T11:30:01,2026-07-28
BANKNIFTY26AUG56900PE,,2026-07-27,NFO,FO,OPT,sell,false,30,622.10,SMP41002726,SMP260727100007,2026-07-27T10:55:00,2026-08-25
NIFTY2680423750PE,,2026-07-27,NFO,FO,OPT,buy,false,75,166.45,SMP41002757,SMP260727100014,2026-07-27T11:30:00,2026-08-04
BANKNIFTY26AUG56900PE,,2026-07-27,NFO,FO,OPT,buy,false,30,643.05,SMP41002779,SMP260727100021,2026-07-27T13:55:00,2026-08-25
BANKNIFTY26AUG56600PE,,2026-07-28,NFO,FO,OPT,sell,false,90,638.50,SMP41002793,SMP260728100007,2026-07-28T09:45:00,2026-08-25
BANKNIFTY26AUG56600PE,,2026-07-28,NFO,FO,OPT,sell,false,90,638.45,SMP41002816,SMP260728100007,2026-07-28T09:45:01,2026-08-25
NIFTY2680423750PE,,2026-07-28,NFO,FO,OPT,buy,false,75,158.95,SMP41002841,SMP260728100014,2026-07-28T10:30:00,2026-08-04
BANKNIFTY26AUG56600PE,,2026-07-28,NFO,FO,OPT,buy,false,90,610.60,SMP41002876,SMP260728100021,2026-07-28T13:05:00,2026-08-25
BANKNIFTY26AUG56600PE,,2026-07-28,NFO,FO,OPT,buy,false,90,610.60,SMP41002906,SMP260728100021,2026-07-28T13:05:01,2026-08-25
NIFTY2680424300CE,,2026-07-29,NFO,FO,OPT,buy,false,225,130.65,SMP41002925,SMP260729100007,2026-07-29T10:50:00,2026-08-04
NIFTY2680424300CE,,2026-07-29,NFO,FO,OPT,buy,false,150,130.70,SMP41002935,SMP260729100007,2026-07-29T10:50:01,2026-08-04
NIFTY2680424300CE,,2026-07-29,NFO,FO,OPT,sell,false,225,140.35,SMP41002945,SMP260729100014,2026-07-29T11:35:00,2026-08-04
NIFTY2680424300CE,,2026-07-29,NFO,FO,OPT,sell,false,150,140.35,SMP41002957,SMP260729100014,2026-07-29T11:35:01,2026-08-04
NIFTY2680424150PE,,2026-07-30,NFO,FO,OPT,sell,false,375,106.95,SMP41002962,SMP260730100007,2026-07-30T09:20:00,2026-08-04
NIFTY2680424150PE,,2026-07-30,NFO,FO,OPT,sell,false,375,106.90,SMP41002994,SMP260730100007,2026-07-30T09:20:01,2026-08-04
NIFTY2680424150PE,,2026-07-30,NFO,FO,OPT,buy,false,375,102.55,SMP41003025,SMP260730100014,2026-07-30T10:10:00,2026-08-04
NIFTY2680424150PE,,2026-07-30,NFO,FO,OPT,buy,false,375,102.55,SMP41003027,SMP260730100014,2026-07-30T10:10:01,2026-08-04
NIFTY2680424550CE,,2026-07-31,NFO,FO,OPT,sell,false,375,95.70,SMP41003036,SMP260731100007,2026-07-31T10:30:00,2026-08-04
NIFTY2680424550CE,,2026-07-31,NFO,FO,OPT,sell,false,375,95.65,SMP41003038,SMP260731100007,2026-07-31T10:30:01,2026-08-04
NIFTY2680424550CE,,2026-07-31,NFO,FO,OPT,buy,false,375,91.50,SMP41003061,SMP260731100014,2026-07-31T14:10:00,2026-08-04
NIFTY2680424550CE,,2026-07-31,NFO,FO,OPT,buy,false,375,91.50,SMP41003066,SMP260731100014,2026-07-31T14:10:01,2026-08-04
NIFTY2681124600PE,,2026-08-03,NFO,FO,OPT,buy,false,75,148.90,SMP41003087,SMP260803100007,2026-08-03T09:20:00,2026-08-11
NIFTY2681124600PE,,2026-08-03,NFO,FO,OPT,buy,false,75,148.95,SMP41003108,SMP260803100007,2026-08-03T09:20:01,2026-08-11
NIFTY2681124600PE,,2026-08-03,NFO,FO,OPT,buy,false,75,148.95,SMP41003109,SMP260803100007,2026-08-03T09:20:02,2026-08-11
NIFTY2681124600PE,,2026-08-03,NFO,FO,OPT,sell,false,75,144.35,SMP41003110,SMP260803100014,2026-08-03T09:23:00,2026-08-11
NIFTY2681124600PE,,2026-08-03,NFO,FO,OPT,sell,false,75,144.35,SMP41003128,SMP260803100014,2026-08-03T09:23:01,2026-08-11
NIFTY2681124600PE,,2026-08-03,NFO,FO,OPT,sell,false,75,144.35,SMP41003131,SMP260803100014,2026-08-03T09:23:02,2026-08-11
BANKNIFTY26AUG58600CE,,2026-08-03,NFO,FO,OPT,buy,false,30,538.90,SMP41003166,SMP260803100021,2026-08-03T09:45:00,2026-08-25
BANKNIFTY26AUG58600CE,,2026-08-03,NFO,FO,OPT,buy,false,30,538.95,SMP41003201,SMP260803100021,2026-08-03T09:45:01,2026-08-25
BANKNIFTY26AUG58600CE,,2026-08-03,NFO,FO,OPT,buy,false,30,538.95,SMP41003237,SMP260803100021,2026-08-03T09:45:02,2026-08-25
BANKNIFTY26AUG58600CE,,2026-08-03,NFO,FO,OPT,sell,false,30,529.15,SMP41003256,SMP260803100028,2026-08-03T09:48:00,2026-08-25
BANKNIFTY26AUG58600CE,,2026-08-03,NFO,FO,OPT,sell,false,30,529.15,SMP41003279,SMP260803100028,2026-08-03T09:48:01,2026-08-25
BANKNIFTY26AUG58600CE,,2026-08-03,NFO,FO,OPT,sell,false,30,529.15,SMP41003293,SMP260803100028,2026-08-03T09:48:02,2026-08-25
NIFTY2681124900CE,,2026-08-03,NFO,FO,OPT,buy,false,75,155.60,SMP41003307,SMP260803100035,2026-08-03T10:15:00,2026-08-11
NIFTY2681124900CE,,2026-08-03,NFO,FO,OPT,buy,false,75,155.65,SMP41003317,SMP260803100035,2026-08-03T10:15:01,2026-08-11
NIFTY2681124900CE,,2026-08-03,NFO,FO,OPT,buy,false,75,155.65,SMP41003353,SMP260803100035,2026-08-03T10:15:02,2026-08-11
NIFTY2681124900CE,,2026-08-03,NFO,FO,OPT,sell,false,75,160.40,SMP41003370,SMP260803100042,2026-08-03T10:18:00,2026-08-11
NIFTY2681124900CE,,2026-08-03,NFO,FO,OPT,sell,false,75,160.40,SMP41003372,SMP260803100042,2026-08-03T10:18:01,2026-08-11
NIFTY2681124900CE,,2026-08-03,NFO,FO,OPT,sell,false,75,160.40,SMP41003400,SMP260803100042,2026-08-03T10:18:02,2026-08-11
NIFTY2681124950CE,,2026-08-03,NFO,FO,OPT,sell,false,75,147.15,SMP41003431,SMP260803100049,2026-08-03T10:40:00,2026-08-11
NIFTY2681124950CE,,2026-08-03,NFO,FO,OPT,sell,false,75,147.10,SMP41003444,SMP260803100049,2026-08-03T10:40:01,2026-08-11
NIFTY2681124950CE,,2026-08-03,NFO,FO,OPT,buy,false,75,156.15,SMP41003479,SMP260803100056,2026-08-03T11:10:00,2026-08-11
NIFTY2681124950CE,,2026-08-03,NFO,FO,OPT,buy,false,75,156.15,SMP41003491,SMP260803100056,2026-08-03T11:10:01,2026-08-11
NIFTY2681124750CE,,2026-08-04,NFO,FO,OPT,sell,false,75,137.20,SMP41003514,SMP260804100007,2026-08-04T09:20:00,2026-08-11
NIFTY2681124750CE,,2026-08-04,NFO,FO,OPT,sell,false,75,133.10,SMP41003516,SMP260804100014,2026-08-04T10:30:00,2026-08-11
NIFTY2681124750CE,,2026-08-04,NFO,FO,OPT,buy,false,75,140.75,SMP41003552,SMP260804100021,2026-08-04T11:30:00,2026-08-11
NIFTY2681124750CE,,2026-08-04,NFO,FO,OPT,buy,false,75,140.75,SMP41003581,SMP260804100021,2026-08-04T11:30:01,2026-08-11
NIFTY2681124600PE,,2026-08-05,NFO,FO,OPT,sell,false,300,138.65,SMP41003602,SMP260805100007,2026-08-05T11:25:00,2026-08-11
NIFTY2681124600PE,,2026-08-05,NFO,FO,OPT,sell,false,225,138.60,SMP41003605,SMP260805100007,2026-08-05T11:25:01,2026-08-11
NIFTY2681124600PE,,2026-08-05,NFO,FO,OPT,buy,false,300,132.65,SMP41003621,SMP260805100014,2026-08-05T12:15:00,2026-08-11
NIFTY2681124600PE,,2026-08-05,NFO,FO,OPT,buy,false,225,132.65,SMP41003640,SMP260805100014,2026-08-05T12:15:01,2026-08-11
NIFTY2680423750PE,,2026-08-06,NFO,FO,OPT,sell,false,150,178.85,SMP41003677,SMP260806100007,2026-08-06T11:20:00,2026-08-04
NIFTY2680423750PE,,2026-08-06,NFO,FO,OPT,sell,false,75,178.85,SMP41003692,SMP260806100007,2026-08-06T11:20:01,2026-08-04
BANKNIFTY26AUG56500PE,,2026-08-06,NFO,FO,OPT,sell,false,60,500.20,SMP41003718,SMP260806100014,2026-08-06T13:10:00,2026-08-25
BANKNIFTY26AUG56500PE,,2026-08-06,NFO,FO,OPT,sell,false,60,500.20,SMP41003719,SMP260806100014,2026-08-06T13:10:01,2026-08-25
BANKNIFTY26AUG56000PE,,2026-08-07,NFO,FO,OPT,sell,false,90,381.80,SMP41003755,SMP260807100007,2026-08-07T10:50:00,2026-08-25
BANKNIFTY26AUG56000PE,,2026-08-07,NFO,FO,OPT,sell,false,60,381.80,SMP41003790,SMP260807100007,2026-08-07T10:50:01,2026-08-25
NIFTY2680423750PE,,2026-08-07,NFO,FO,OPT,sell,false,150,163.90,SMP41003794,SMP260807100014,2026-08-07T13:40:00,2026-08-04
NIFTY2680423750PE,,2026-08-07,NFO,FO,OPT,sell,false,75,163.90,SMP41003795,SMP260807100014,2026-08-07T13:40:01,2026-08-04
NIFTY2681824600PE,,2026-08-10,NFO,FO,OPT,buy,false,150,172.85,SMP41003808,SMP260810100007,2026-08-10T09:50:00,2026-08-18
NIFTY2681824600PE,,2026-08-10,NFO,FO,OPT,buy,false,150,172.90,SMP41003810,SMP260810100007,2026-08-10T09:50:01,2026-08-18
NIFTY2680423750PE,,2026-08-10,NFO,FO,OPT,sell,false,150,145.20,SMP41003819,SMP260810100014,2026-08-10T11:30:00,2026-08-04
NIFTY2680423750PE,,2026-08-10,NFO,FO,OPT,sell,false,150,145.20,SMP41003850,SMP260810100014,2026-08-10T11:30:01,2026-08-04
NIFTY2681824600PE,,2026-08-10,NFO,FO,OPT,sell,false,150,185.50,SMP41003853,SMP260810100021,2026-08-10T13:10:00,2026-08-18
NIFTY2681824600PE,,2026-08-10,NFO,FO,OPT,sell,false,150,185.50,SMP41003884,SMP260810100021,2026-08-10T13:10:01,2026-08-18
NIFTY2681824350PE,,2026-08-10,NFO,FO,OPT,sell,false,150,131.25,SMP41003921,SMP260810100028,2026-08-10T14:00:00,2026-08-18
NIFTY2681824350PE,,2026-08-10,NFO,FO,OPT,sell,false,150,131.20,SMP41003924,SMP260810100028,2026-08-10T14:00:01,2026-08-18
BANKNIFTY26AUG57600CE,,2026-08-11,NFO,FO,OPT,sell,false,60,435.05,SMP41003931,SMP260811100007,2026-08-11T10:20:00,2026-08-25
BANKNIFTY26AUG57600CE,,2026-08-11,NFO,FO,OPT,sell,false,60,435.00,SMP41003947,SMP260811100007,2026-08-11T10:20:01,2026-08-25
BANKNIFTY26AUG57600CE,,2026-08-11,NFO,FO,OPT,sell,false,30,422.00,SMP41003963,SMP260811100014,2026-08-11T11:30:00,2026-08-25
BANKNIFTY26AUG57600CE,,2026-08-11,NFO,FO,OPT,sell,false,30,421.95,SMP41003972,SMP260811100014,2026-08-11T11:30:01,2026-08-25
BANKNIFTY26AUG57600CE,,2026-08-11,NFO,FO,OPT,buy,false,90,411.35,SMP41003994,SMP260811100021,2026-08-11T13:30:00,2026-08-25
BANKNIFTY26AUG57600CE,,2026-08-11,NFO,FO,OPT,buy,false,90,411.35,SMP41004000,SMP260811100021,2026-08-11T13:30:01,2026-08-25
NIFTY2681823750PE,,2026-08-12,NFO,FO,OPT,sell,false,75,19.00,SMP41004028,SMP260812100007,2026-08-12T10:30:00,2026-08-18
NIFTY2681823750PE,,2026-08-12,NFO,FO,OPT,sell,false,75,18.95,SMP41004042,SMP260812100007,2026-08-12T10:30:01,2026-08-18
BANKNIFTY26AUG57500PE,,2026-08-12,NFO,FO,OPT,sell,false,150,417.55,SMP41004047,SMP260812100014,2026-08-12T11:10:00,2026-08-25
BANKNIFTY26AUG57500PE,,2026-08-12,NFO,FO,OPT,sell,false,120,417.50,SMP41004055,SMP260812100014,2026-08-12T11:10:01,2026-08-25
BANKNIFTY26AUG57500PE,,2026-08-12,NFO,FO,OPT,buy,false,150,399.50,SMP41004072,SMP260812100021,2026-08-12T12:55:00,2026-08-25
BANKNIFTY26AUG57500PE,,2026-08-12,NFO,FO,OPT,buy,false,120,399.50,SMP41004097,SMP260812100021,2026-08-12T12:55:01,2026-08-25
NIFTY2681824400CE,,2026-08-13,NFO,FO,OPT,sell,false,75,127.30,SMP41004117,SMP260813100007,2026-08-13T10:35:00,2026-08-18
NIFTY2681824400CE,,2026-08-13,NFO,FO,OPT,sell,false,75,127.25,SMP41004121,SMP260813100007,2026-08-13T10:35:01,2026-08-18
NIFTY2681824350PE,,2026-08-13,NFO,FO,OPT,buy,false,150,141.55,SMP41004141,SMP260813100014,2026-08-13T11:10:00,2026-08-18
NIFTY2681824350PE,,2026-08-13,NFO,FO,OPT,buy,false,150,141.55,SMP41004143,SMP260813100014,2026-08-13T11:10:01,2026-08-18
NIFTY2681824400CE,,2026-08-13,NFO,FO,OPT,buy,false,75,137.15,SMP41004162,SMP260813100021,2026-08-13T11:50:00,2026-08-18
NIFTY2681824400CE,,2026-08-13,NFO,FO,OPT,buy,false,75,137.15,SMP41004168,SMP260813100021,2026-08-13T11:50:01,2026-08-18
NIFTY26AUG24700CE,,2026-08-13,NFO,FO,OPT,sell,false,150,161.05,SMP41004187,SMP260813100028,2026-08-13T13:50:00,2026-08-25
NIFTY26AUG24700CE,,2026-08-13,NFO,FO,OPT,sell,false,150,161.00,SMP41004205,SMP260813100028,2026-08-13T13:50:01,2026-08-25
NIFTY2681824200PE,,2026-08-14,NFO,FO,OPT,sell,false,600,92.05,SMP41004218,SMP260814100007,2026-08-14T09:35:00,2026-08-18
NIFTY2681824200PE,,2026-08-14,NFO,FO,OPT,sell,false,525,92.00,SMP41004232,SMP260814100007,2026-08-14T09:35:01,2026-08-18
NIFTY2681824200PE,,2026-08-14,NFO,FO,OPT,buy,false,600,88.00,SMP41004253,SMP260814100014,2026-08-14T11:10:00,2026-08-18
NIFTY2681824200PE,,2026-08-14,NFO,FO,OPT,buy,false,525,88.00,SMP41004265,SMP260814100014,2026-08-14T11:10:01,2026-08-18
BANKNIFTY26AUG57300PE,,2026-08-18,NFO,FO,OPT,buy,false,60,341.45,SMP41004298,SMP260818100007,2026-08-18T11:05:00,2026-08-25
BANKNIFTY26AUG57300PE,,2026-08-18,NFO,FO,OPT,buy,false,30,341.50,SMP41004299,SMP260818100007,2026-08-18T11:05:01,2026-08-25
BANKNIFTY26AUG57300PE,,2026-08-18,NFO,FO,OPT,buy,false,60,351.70,SMP41004318,SMP260818100014,2026-08-18T12:05:00,2026-08-25
BANKNIFTY26AUG57300PE,,2026-08-18,NFO,FO,OPT,sell,false,90,373.10,SMP41004324,SMP260818100021,2026-08-18T14:25:00,2026-08-25
BANKNIFTY26AUG57300PE,,2026-08-18,NFO,FO,OPT,sell,false,60,373.10,SMP41004328,SMP260818100021,2026-08-18T14:25:01,2026-08-25
NIFTY26AUG24700CE,,2026-08-19,NFO,FO,OPT,buy,false,150,150.05,SMP41004358,SMP260819100007,2026-08-19T10:50:00,2026-08-25
NIFTY26AUG24700CE,,2026-08-19,NFO,FO,OPT,buy,false,150,150.05,SMP41004395,SMP260819100007,2026-08-19T10:50:01,2026-08-25
NIFTY2690124400CE,,2026-08-19,NFO,FO,OPT,sell,false,150,165.95,SMP41004430,SMP260819100014,2026-08-19T14:15:00,2026-09-01
NIFTY2690124400CE,,2026-08-19,NFO,FO,OPT,sell,false,75,165.90,SMP41004453,SMP260819100014,2026-08-19T14:15:01,2026-09-01
BANKNIFTY26AUG55800PE,,2026-08-20,NFO,FO,OPT,sell,false,90,11.25,SMP41004476,SMP260820100007,2026-08-20T10:45:00,2026-08-25
BANKNIFTY26AUG55800PE,,2026-08-20,NFO,FO,OPT,sell,false,90,11.20,SMP41004483,SMP260820100007,2026-08-20T10:45:01,2026-08-25
NIFTY26AUG24250CE,,2026-08-20,NFO,FO,OPT,buy,false,75,121.25,SMP41004507,SMP260820100014,2026-08-20T11:25:00,2026-08-25
NIFTY26AUG24250CE,,2026-08-20,NFO,FO,OPT,buy,false,75,121.30,SMP41004541,SMP260820100014,2026-08-20T11:25:01,2026-08-25
NIFTY26AUG24250CE,,2026-08-20,NFO,FO,OPT,buy,false,75,124.90,SMP41004566,SMP260820100021,2026-08-20T12:00:00,2026-08-25
NIFTY26AUG24250CE,,2026-08-20,NFO,FO,OPT,sell,false,150,132.65,SMP41004595,SMP260820100028,2026-08-20T14:20:00,2026-08-25
NIFTY26AUG24250CE,,2026-08-20,NFO,FO,OPT,sell,false,75,132.65,SMP41004615,SMP260820100028,2026-08-20T14:20:01,2026-08-25
BANKNIFTY26AUG57900CE,,2026-08-21,NFO,FO,OPT,sell,false,60,238.30,SMP41004622,SMP260821100007,2026-08-21T10:20:00,2026-08-25
BANKNIFTY26AUG57900CE,,2026-08-21,NFO,FO,OPT,sell,false,60,238.25,SMP41004635,SMP260821100007,2026-08-21T10:20:01,2026-08-25
BANKNIFTY26AUG57900CE,,2026-08-21,NFO,FO,OPT,sell,false,30,231.15,SMP41004645,SMP260821100014,2026-08-21T11:20:00,2026-08-25
BANKNIFTY26AUG57900CE,,2026-08-21,NFO,FO,OPT,sell,false,30,231.10,SMP41004647,SMP260821100014,2026-08-21T11:20:01,2026-08-25
BANKNIFTY26AUG57900CE,,2026-08-21,NFO,FO,OPT,buy,false,90,225.10,SMP41004653,SMP260821100021,2026-08-21T12:50:00,2026-08-25
BANKNIFTY26AUG57900CE,,2026-08-21,NFO,FO,OPT,buy,false,90,225.10,SMP41004683,SMP260821100021,2026-08-21T12:50:01,2026-08-25
NIFTY2690124150PE,,2026-08-24,NFO,FO,OPT,sell,false,150,158.60,SMP41004686,SMP260824100007,2026-08-24T09:50:00,2026-09-01
NIFTY2690124150PE,,2026-08-24,NFO,FO,OPT,sell,false,75,158.55,SMP41004691,SMP260824100007,2026-08-24T09:50:01,2026-09-01
NIFTY2690124150PE,,2026-08-24,NFO,FO,OPT,sell,false,150,153.85,SMP41004717,SMP260824100014,2026-08-24T10:45:00,2026-09-01
NIFTY2690124150PE,,2026-08-24,NFO,FO,OPT,buy,false,225,149.55,SMP41004746,SMP260824100021,2026-08-24T11:50:00,2026-09-01
NIFTY2690124150PE,,2026-08-24,NFO,FO,OPT,buy,false,150,149.55,SMP41004776,SMP260824100021,2026-08-24T11:50:01,2026-09-01
NIFTY2690124200PE,,2026-08-25,NFO,FO,OPT,sell,false,225,137.70,SMP41004790,SMP260825100007,2026-08-25T09:20:00,2026-09-01
NIFTY2690124200PE,,2026-08-25,NFO,FO,OPT,sell,false,225,137.65,SMP41004794,SMP260825100007,2026-08-25T09:20:01,2026-09-01
NIFTY2690124400CE,,2026-08-25,NFO,FO,OPT,buy,false,150,178.80,SMP41004801,SMP260825100014,2026-08-25T10:30:00,2026-09-01
NIFTY2690124400CE,,2026-08-25,NFO,FO,OPT,buy,false,75,178.80,SMP41004838,SMP260825100014,2026-08-25T10:30:01,2026-09-01
NIFTY2690124200PE,,2026-08-25,NFO,FO,OPT,buy,false,225,131.95,SMP41004856,SMP260825100021,2026-08-25T12:45:00,2026-09-01
NIFTY2690124200PE,,2026-08-25,NFO,FO,OPT,buy,false,225,131.95,SMP41004870,SMP260825100021,2026-08-25T12:45:01,2026-09-01
NIFTY2690124100PE,,2026-08-25,NFO,FO,OPT,sell,false,150,126.15,SMP41004903,SMP260825100028,2026-08-25T13:45:00,2026-09-01
NIFTY2690124100PE,,2026-08-25,NFO,FO,OPT,sell,false,75,126.10,SMP41004940,SMP260825100028,2026-08-25T13:45:01,2026-09-01
BANKNIFTY26SEP58100CE,,2026-08-26,NFO,FO,OPT,sell,false,30,691.05,SMP41004977,SMP260826100007,2026-08-26T10:00:00,2026-09-29
BANKNIFTY26SEP58100CE,,2026-08-26,NFO,FO,OPT,sell,false,30,670.30,SMP41005008,SMP260826100014,2026-08-26T10:45:00,2026-09-29
BANKNIFTY26SEP58100CE,,2026-08-26,NFO,FO,OPT,buy,false,30,700.75,SMP41005017,SMP260826100021,2026-08-26T11:35:00,2026-09-29
BANKNIFTY26SEP58100CE,,2026-08-26,NFO,FO,OPT,buy,false,30,700.75,SMP41005046,SMP260826100021,2026-08-26T11:35:01,2026-09-29
BANKNIFTY26SEP57600CE,,2026-08-27,NFO,FO,OPT,sell,false,30,709.40,SMP41005060,SMP260827100007,2026-08-27T09:35:00,2026-09-29
BANKNIFTY26SEP57600CE,,2026-08-27,NFO,FO,OPT,buy,false,30,739.15,SMP41005066,SMP260827100014,2026-08-27T10:20:00,2026-09-29
NIFTY2690124100PE,,2026-08-27,NFO,FO,OPT,buy,false,150,138.15,SMP41005084,SMP260827100021,2026-08-27T11:00:00,2026-09-01
NIFTY2690124100PE,,2026-08-27,NFO,FO,OPT,buy,false,75,138.15,SMP41005118,SMP260827100021,2026-08-27T11:00:01,2026-09-01
NIFTY2690124400CE,,2026-08-27,NFO,FO,OPT,sell,false,150,72.75,SMP41005145,SMP260827100028,2026-08-27T14:20:00,2026-09-01
NIFTY2690124400CE,,2026-08-27,NFO,FO,OPT,sell,false,150,72.70,SMP41005173,SMP260827100028,2026-08-27T14:20:01,2026-09-01
NIFTY2690124400CE,,2026-08-28,NFO,FO,OPT,buy,false,150,79.05,SMP41005206,SMP260828100007,2026-08-28T10:45:00,2026-09-01
NIFTY2690124400CE,,2026-08-28,NFO,FO,OPT,buy,false,150,79.05,SMP41005239,SMP260828100007,2026-08-28T10:45:01,2026-09-01
NIFTY2690124150PE,,2026-08-28,NFO,FO,OPT,buy,false,225,114.90,SMP41005270,SMP260828100014,2026-08-28T11:25:00,2026-09-01
NIFTY2690124150PE,,2026-08-28,NFO,FO,OPT,buy,false,150,114.95,SMP41005277,SMP260828100014,2026-08-28T11:25:01,2026-09-01
NIFTY2690124150PE,,2026-08-28,NFO,FO,OPT,sell,false,225,123.85,SMP41005280,SMP260828100021,2026-08-28T12:10:00,2026-09-01
NIFTY2690124150PE,,2026-08-28,NFO,FO,OPT,sell,false,150,123.85,SMP41005304,SMP260828100021,2026-08-28T12:10:01,2026-09-01
NIFTY2690823950PE,,2026-08-28,NFO,FO,OPT,sell,false,150,170.15,SMP41005321,SMP260828100028,2026-08-28T13:25:00,2026-09-08
NIFTY2690823950PE,,2026-08-28,NFO,FO,OPT,sell,false,75,170.10,SMP41005352,SMP260828100028,2026-08-28T13:25:01,2026-09-08
NIFTY2690824050PE,,2026-08-31,NFO,FO,OPT,buy,false,75,156.90,SMP41005383,SMP260831100007,2026-08-31T09:20:00,2026-09-08
NIFTY2690824050PE,,2026-08-31,NFO,FO,OPT,buy,false,75,161.60,SMP41005415,SMP260831100014,2026-08-31T10:00:00,2026-09-08
NIFTY2690824050PE,,2026-08-31,NFO,FO,OPT,sell,false,75,171.90,SMP41005434,SMP260831100021,2026-08-31T13:10:00,2026-09-08
NIFTY2690824050PE,,2026-08-31,NFO,FO,OPT,sell,false,75,171.90,SMP41005465,SMP260831100021,2026-08-31T13:10:01,2026-09-08
BANKNIFTY26SEP57400PE,,2026-08-31,NFO,FO,OPT,sell,false,90,620.40,SMP41005486,SMP260831100028,2026-08-31T15:00:00,2026-09-29
BANKNIFTY26SEP57400PE,,2026-08-31,NFO,FO,OPT,sell,false,60,620.35,SMP41005518,SMP260831100028,2026-08-31T15:00:01,2026-09-29
NIFTY2690823900PE,,2026-09-01,NFO,FO,OPT,buy,false,75,135.00,SMP41005536,SMP260901100007,2026-09-01T09:30:00,2026-09-08
NIFTY2690823900PE,,2026-09-01,NFO,FO,OPT,buy,false,75,135.05,SMP41005551,SMP260901100007,2026-09-01T09:30:01,2026-09-08
NIFTY2690823900PE,,2026-09-01,NFO,FO,OPT,sell,false,75,129.75,SMP41005575,SMP260901100014,2026-09-01T09:33:00,2026-09-08
NIFTY2690823900PE,,2026-09-01,NFO,FO,OPT,sell,false,75,129.75,SMP41005597,SMP260901100014,2026-09-01T09:33:01,2026-09-08
BANKNIFTY26SEP57400PE,,2026-09-01,NFO,FO,OPT,buy,false,90,707.70,SMP41005625,SMP260901100021,2026-09-01T09:55:00,2026-09-29
BANKNIFTY26SEP57400PE,,2026-09-01,NFO,FO,OPT,buy,false,60,707.70,SMP41005627,SMP260901100021,2026-09-01T09:55:01,2026-09-29
NIFTY2690823950PE,,2026-09-02,NFO,FO,OPT,buy,false,150,185.25,SMP41005632,SMP260902100007,2026-09-02T10:35:00,2026-09-08
NIFTY2690823950PE,,2026-09-02,NFO,FO,OPT,buy,false,75,185.25,SMP41005651,SMP260902100007,2026-09-02T10:35:01,2026-09-08
NIFTY2690824050CE,,2026-09-02,NFO,FO,OPT,sell,false,450,129.00,SMP41005668,SMP260902100014,2026-09-02T11:20:00,2026-09-08
NIFTY2690824050CE,,2026-09-02,NFO,FO,OPT,buy,false,225,123.15,SMP41005705,SMP260902100021,2026-09-02T12:05:00,2026-09-08
NIFTY2690824050CE,,2026-09-02,NFO,FO,OPT,buy,false,225,123.15,SMP41005738,SMP260902100021,2026-09-02T12:05:01,2026-09-08
NIFTY2691524200CE,,2026-09-02,NFO,FO,OPT,sell,false,150,165.15,SMP41005761,SMP260902100028,2026-09-02T13:40:00,2026-09-15
NIFTY2691524200CE,,2026-09-02,NFO,FO,OPT,sell,false,150,165.10,SMP41005792,SMP260902100028,2026-09-02T13:40:01,2026-09-15
NIFTY2690823800PE,,2026-09-03,NFO,FO,OPT,sell,false,75,119.50,SMP41005793,SMP260903100007,2026-09-03T10:20:00,2026-09-08
BANKNIFTY26SEP57100PE,,2026-09-03,NFO,FO,OPT,sell,false,30,598.05,SMP41005796,SMP260903100014,2026-09-03T11:00:00,2026-09-29
BANKNIFTY26SEP57100PE,,2026-09-03,NFO,FO,OPT,buy,false,30,617.20,SMP41005809,SMP260903100021,2026-09-03T12:35:00,2026-09-29
NIFTY2690824000CE,,2026-09-04,NFO,FO,OPT,sell,false,300,101.20,SMP41005811,SMP260904100007,2026-09-04T09:50:00,2026-09-08
NIFTY2690824000CE,,2026-09-04,NFO,FO,OPT,sell,false,225,101.15,SMP41005828,SMP260904100007,2026-09-04T09:50:01,2026-09-08
NIFTY2690824000CE,,2026-09-04,NFO,FO,OPT,sell,false,300,98.15,SMP41005839,SMP260904100014,2026-09-04T11:00:00,2026-09-08
NIFTY2690824000CE,,2026-09-04,NFO,FO,OPT,buy,false,450,95.55,SMP41005865,SMP260904100021,2026-09-04T12:45:00,2026-09-08
NIFTY2690824000CE,,2026-09-04,NFO,FO,OPT,buy,false,375,95.55,SMP41005890,SMP260904100021,2026-09-04T12:45:01,2026-09-08
BANKNIFTY26SEP57100PE,,2026-09-07,NFO,FO,OPT,buy,false,30,588.20,SMP41005895,SMP260907100007,2026-09-07T09:35:00,2026-09-29
BANKNIFTY26SEP57100PE,,2026-09-07,NFO,FO,OPT,buy,false,30,605.85,SMP41005927,SMP260907100014,2026-09-07T10:20:00,2026-09-29
BANKNIFTY26SEP57100PE,,2026-09-07,NFO,FO,OPT,sell,false,30,579.20,SMP41005945,SMP260907100021,2026-09-07T11:20:00,2026-09-29
BANKNIFTY26SEP57100PE,,2026-09-07,NFO,FO,OPT,sell,false,30,579.20,SMP41005968,SMP260907100021,2026-09-07T11:20:01,2026-09-29
NIFTY2691524200CE,,2026-09-08,NFO,FO,OPT,buy,false,150,153.45,SMP41006004,SMP260908100007,2026-09-08T10:50:00,2026-09-15
NIFTY2691524200CE,,2026-09-08,NFO,FO,OPT,buy,false,150,153.45,SMP41006034,SMP260908100007,2026-09-08T10:50:01,2026-09-15
NIFTY2691523400PE,,2026-09-08,NFO,FO,OPT,sell,false,225,113.90,SMP41006037,SMP260908100014,2026-09-08T13:30:00,2026-09-15
NIFTY2691523400PE,,2026-09-08,NFO,FO,OPT,sell,false,150,113.85,SMP41006043,SMP260908100014,2026-09-08T13:30:01,2026-09-15
BANKNIFTY26SEP56300PE,,2026-09-09,NFO,FO,OPT,buy,false,30,510.65,SMP41006061,SMP260909100007,2026-09-09T09:50:00,2026-09-29
BANKNIFTY26SEP56300PE,,2026-09-09,NFO,FO,OPT,buy,false,30,525.95,SMP41006090,SMP260909100014,2026-09-09T11:00:00,2026-09-29
BANKNIFTY26SEP56300PE,,2026-09-09,NFO,FO,OPT,sell,false,30,499.95,SMP41006123,SMP260909100021,2026-09-09T12:50:00,2026-09-29
BANKNIFTY26SEP56300PE,,2026-09-09,NFO,FO,OPT,sell,false,30,499.95,SMP41006137,SMP260909100021,2026-09-09T12:50:01,2026-09-29
NIFTY2691523600CE,,2026-09-10,NFO,FO,OPT,sell,false,225,109.70,SMP41006170,SMP260910100007,2026-09-10T10:50:00,2026-09-15
NIFTY2691523600CE,,2026-09-10,NFO,FO,OPT,sell,false,150,109.65,SMP41006182,SMP260910100007,2026-09-10T10:50:01,2026-09-15
NIFTY2691523600CE,,2026-09-10,NFO,FO,OPT,buy,false,225,105.20,SMP41006187,SMP260910100014,2026-09-10T11:50:00,2026-09-15
NIFTY2691523600CE,,2026-09-10,NFO,FO,OPT,buy,false,150,105.20,SMP41006214,SMP260910100014,2026-09-10T11:50:01,2026-09-15
NIFTY2691523400CE,,2026-09-11,NFO,FO,OPT,buy,false,150,109.95,SMP41006229,SMP260911100007,2026-09-11T09:40:00,2026-09-15
NIFTY2691523400CE,,2026-09-11,NFO,FO,OPT,buy,false,75,110.00,SMP41006257,SMP260911100007,2026-09-11T09:40:01,2026-09-15
NIFTY2691523400CE,,2026-09-11,NFO,FO,OPT,buy,false,75,113.25,SMP41006272,SMP260911100014,2026-09-11T10:15:00,2026-09-15
NIFTY2691523400PE,,2026-09-11,NFO,FO,OPT,buy,false,225,123.50,SMP41006303,SMP260911100021,2026-09-11T11:10:00,2026-09-15
NIFTY2691523400PE,,2026-09-11,NFO,FO,OPT,buy,false,150,123.50,SMP41006313,SMP260911100021,2026-09-11T11:10:01,2026-09-15
NIFTY2691523400CE,,2026-09-11,NFO,FO,OPT,sell,false,150,118.55,SMP41006341,SMP260911100028,2026-09-11T12:30:00,2026-09-15
NIFTY2691523400CE,,2026-09-11,NFO,FO,OPT,sell,false,150,118.55,SMP41006352,SMP260911100028,2026-09-11T12:30:01,2026-09-15
NIFTY2692223150PE,,2026-09-11,NFO,FO,OPT,sell,false,225,149.10,SMP41006353,SMP260911100035,2026-09-11T13:20:00,2026-09-22
NIFTY2692223150PE,,2026-09-11,NFO,FO,OPT,sell,false,150,149.05,SMP41006380,SMP260911100035,2026-09-11T13:20:01,2026-09-22
BANKNIFTY26SEP56000PE,,2026-09-11,NFO,FO,OPT,sell,false,120,435.50,SMP41006397,SMP260911100042,2026-09-11T14:30:00,2026-09-29
BANKNIFTY26SEP56000PE,,2026-09-11,NFO,FO,OPT,sell,false,120,435.45,SMP41006428,SMP260911100042,2026-09-11T14:30:01,2026-09-29
BANKNIFTY26SEP55400PE,,2026-09-15,NFO,FO,OPT,buy,false,30,393.55,SMP41006441,SMP260915100007,2026-09-15T09:25:00,2026-09-29
BANKNIFTY26SEP55400PE,,2026-09-15,NFO,FO,OPT,buy,false,30,393.60,SMP41006452,SMP260915100007,2026-09-15T09:25:01,2026-09-29
BANKNIFTY26SEP55400PE,,2026-09-15,NFO,FO,OPT,sell,false,30,380.10,SMP41006453,SMP260915100014,2026-09-15T09:28:00,2026-09-29
BANKNIFTY26SEP55400PE,,2026-09-15,NFO,FO,OPT,sell,false,30,380.10,SMP41006460,SMP260915100014,2026-09-15T09:28:01,2026-09-29
BANKNIFTY26SEP56000PE,,2026-09-15,NFO,FO,OPT,buy,false,120,495.50,SMP41006470,SMP260915100021,2026-09-15T09:50:00,2026-09-29
BANKNIFTY26SEP56000PE,,2026-09-15,NFO,FO,OPT,buy,false,120,495.50,SMP41006486,SMP260915100021,2026-09-15T09:50:01,2026-09-29
NIFTY2692223150PE,,2026-09-15,NFO,FO,OPT,buy,false,225,162.95,SMP41006495,SMP260915100028,2026-09-15T10:15:00,2026-09-22
NIFTY2692223150PE,,2026-09-15,NFO,FO,OPT,buy,false,150,162.95,SMP41006505,SMP260915100028,2026-09-15T10:15:01,2026-09-22
NIFTY26OCT22500PE,,2026-09-15,NFO,FO,OPT,buy,false,75,266.85,SMP41006522,SMP260915100035,2026-09-15T13:30:00,2026-10-27
NIFTY26OCT22500PE,,2026-09-15,NFO,FO,OPT,buy,false,75,266.90,SMP41006529,SMP260915100035,2026-09-15T13:30:01,2026-10-27
BANKNIFTY26SEP56200PE,,2026-09-16,NFO,FO,OPT,buy,false,30,425.80,SMP41006539,SMP260916100007,2026-09-16T10:00:00,2026-09-29
BANKNIFTY26SEP56200PE,,2026-09-16,NFO,FO,OPT,buy,false,30,425.85,SMP41006574,SMP260916100007,2026-09-16T10:00:01,2026-09-29
BANKNIFTY26OCT54000PE,,2026-09-16,NFO,FO,OPT,sell,false,60,360.70,SMP41006600,SMP260916100014,2026-09-16T11:10:00,2026-10-27
BANKNIFTY26OCT54000PE,,2026-09-16,NFO,FO,OPT,sell,false,30,360.65,SMP41006620,SMP260916100014,2026-09-16T11:10:01,2026-10-27
BANKNIFTY26SEP56200PE,,2026-09-16,NFO,FO,OPT,sell,false,30,406.25,SMP41006624,SMP260916100021,2026-09-16T13:30:00,2026-09-29
BANKNIFTY26SEP56200PE,,2026-09-16,NFO,FO,OPT,sell,false,30,406.25,SMP41006627,SMP260916100021,2026-09-16T13:30:01,2026-09-29
NIFTY2692223400CE,,2026-09-17,NFO,FO,OPT,sell,false,450,107.30,SMP41006662,SMP260917100007,2026-09-17T11:20:00,2026-09-22
NIFTY2692223400CE,,2026-09-17,NFO,FO,OPT,sell,false,375,107.25,SMP41006692,SMP260917100007,2026-09-17T11:20:01,2026-09-22
NIFTY2692223400CE,,2026-09-17,NFO,FO,OPT,buy,false,450,102.70,SMP41006697,SMP260917100014,2026-09-17T12:20:00,2026-09-22
NIFTY2692223400CE,,2026-09-17,NFO,FO,OPT,buy,false,375,102.70,SMP41006702,SMP260917100014,2026-09-17T12:20:01,2026-09-22
NIFTY2692223350PE,,2026-09-18,NFO,FO,OPT,buy,false,75,124.75,SMP41006723,SMP260918100007,2026-09-18T09:55:00,2026-09-22
NIFTY2692223350PE,,2026-09-18,NFO,FO,OPT,sell,false,75,114.20,SMP41006759,SMP260918100014,2026-09-18T12:20:00,2026-09-22
