date,Close,High,Low,Open,Volume
2023-08-21,248.5124664306641,261.64198630571326,248.5124664306641,261.592076341765,74715306
2023-08-22,236.0818634033203,236.0818634033203,236.0818634033203,236.0818634033203,7281398
2023-08-23,224.3002319335937,224.3002319335937,224.3002319335937,224.3002319335937,4289046
2023-08-24,213.11767578125,213.11767578125,213.11767578125,213.11767578125,27673356
2023-08-25,214.16603088378903,223.751090108265,202.48425042804325,202.48425042804325,281040185
2023-08-28,210.8212432861328,221.903967202166,207.226857457848,213.0178301776218,87522126
2023-08-29,219.90708923339844,221.3548286580761,206.9273291424373,211.66993379105776,92693424
2023-08-30,230.88995361328125,230.88995361328125,224.35014863690407,224.54983419842816,21403170
2023-08-31,233.136459350586,242.42198304838664,230.79011201685617,241.32368956557008,124122179
2023-09-01,244.768310546875,244.768310546875,233.8353620653572,234.63411956193613,39481020
2023-09-04,253.05538940429688,266.534385890434,248.6123208537168,254.9025151512389,99246736
2023-09-05,254.6529083251953,259.59519848002003,252.606096982481,256.599869266789,47127078
2023-09-06,252.45632934570312,259.3954902078186,245.66691361089173,246.61543145409348,225413157
2023-09-07,251.4079742431641,256.89939602790463,250.85882749418025,251.6076598150584,43856832
2023-09-08,252.8057861328125,254.60298673323,249.1115497644741,253.60454364800165,36090005
2023-09-11,249.76052856445312,257.29879204605777,249.6107681975475,256.5499597414651,24982858
2023-09-12,243.8697204589844,251.60765427088663,240.5249300720847,251.35804350276075,39500716
2023-09-13,239.82601928710932,247.41419261567373,236.2316334222884,244.4188634441402,27810990
2023-09-14,242.17236328125,244.1692493685248,240.87438427751505,241.6232165602431,14055236
2023-09-15,239.0272674560547,244.2690936303983,237.27999206460683,243.42042615271447,27416106
2023-09-18,232.8369140625,240.47501246547327,231.7386358586629,239.62632978679892,24694419
2023-09-20,229.29244995117188,231.63879731105115,228.6434680354772,230.04128227006532,18317607
2023-09-21,227.29556274414065,235.2331974767013,226.4468952609017,229.64191009345632,33101551
2023-09-22,227.44532775878903,231.8883962436854,225.99758839652367,227.59508812090792,38327554
2023-09-25,229.3922882080078,230.49058164490972,227.14579137027977,229.64189896775537,13392150
2023-09-26,230.0412750244141,231.33925404995327,229.64190389426287,230.74019735472652,8058261
2023-09-27,226.9960327148437,230.84002930283367,226.64657155455748,230.84002930283367,10984321
2023-09-28,224.6996154785156,228.49370218355244,224.4000795111384,227.64501948182223,9143582
2023-09-29,230.84002685546875,232.53737696951,224.64968307983085,225.5482757181375,12411231
2023-10-03,231.0397186279297,233.5358262848219,230.1910511656056,231.1395690282182,13185432
2023-10-04,224.3002319335937,229.6419085081217,223.1520284850661,229.6419085081217,23296548
2023-10-05,225.049057006836,227.5451646277416,223.8509283958076,225.54827853101705,13894930
2023-10-06,224.74954223632807,227.2955598890971,223.35171279055868,226.14735644706528,7531900
2023-10-09,219.3080139160156,222.65280428971707,218.5092716491904,222.65280428971707,9696908
2023-10-10,219.80723571777344,223.55139722944364,219.4078645838748,220.65591842109825,10451289
2023-10-11,224.74954223632807,227.3454850898446,220.25654839963147,221.65436261036865,11765082
2023-10-12,224.7994537353516,227.0459506690228,224.40008259671183,226.64657953038304,7780605
2023-10-13,224.2003936767578,225.5482826757972,221.65436080964065,223.6512469430608,10137218
2023-10-16,224.4499969482422,225.5982003426033,223.6512394745411,224.5498321105601,10850724
2023-10-17,220.60598754882807,232.63722927734528,220.15669122598555,231.1395647111821,34190044
2023-10-18,215.6636962890625,222.5529471598393,215.2143999688,221.2549833979768,27712062
2023-10-19,213.8665008544922,215.6637014132759,208.7245251786977,215.6637014132759,42127110
2023-10-20,213.8665008544922,216.6621444753744,212.6683722269804,215.16447988222663,11101464
2023-10-23,206.27835083007807,213.86650925921387,203.93200344792493,213.66682368595315,17817781
2023-10-25,209.8227996826172,211.47023984686464,206.1784886646399,206.2783390630907,22079260
2023-10-26,215.51394653320312,216.66214998982747,206.12857236958283,207.67616220223093,23734035
2023-10-27,222.55294799804688,225.24875639983884,216.11299342327763,219.2580981470243,20929447
2023-10-30,218.65902709960932,225.84781398464497,217.81034441639724,224.1504638532525,13508666
2023-10-31,218.65902709960932,222.8524848462941,215.2144016375123,221.6543562379602,17538202
2023-11-01,217.3111267089844,221.70428533005503,214.96479465043072,215.663701747978,15862624
2023-11-02,217.01161193847656,219.2581088933882,216.3626147882604,218.15981539919616,13261567
2023-11-03,218.70895385742188,220.3064536015735,217.31112444187823,218.6590286577539,8569115
2023-11-06,216.81190490722656,220.35638082577063,216.4125337762774,220.0568448600427,11494092
2023-11-07,216.86183166503903,218.45934667037457,216.16292456334185,217.56073876673628,7558170
2023-11-08,213.8165740966797,217.560735552272,213.46712816851024,217.46090038780872,17101608
2023-11-09,214.8150177001953,217.3610505435077,214.51549697100845,214.51549697100845,17250096
2023-11-10,221.6044311523437,222.60287419897293,214.0162731389809,214.5154946622956,18467219
2023-11-13,224.40008544921875,225.5482889136778,221.90397771340983,222.6528100341525,12086991
2023-11-15,223.801010131836,226.99604017363257,222.8524922535042,226.59665380089183,15782001
2023-11-16,226.59664916992188,228.94299645234528,223.5014848283569,225.148909781526,17856032
2023-11-17,220.45623779296875,225.6481388251244,220.0568514150906,225.6481388251244,19607105
2023-11-20,215.1644744873047,221.40474346895508,214.71517816763225,221.40474346895508,20403368
2023-11-21,219.857162475586,222.80256650529,216.21285133909268,217.06151881339665,25625463
2023-11-22,221.55450439453125,223.05216895394005,218.15980415388395,219.35793275440463,15012272
2023-11-23,220.9055328369141,222.9024190094512,219.25810783858395,222.1535866947497,11267951
2023-11-24,226.14735412597656,227.4952583571641,220.15669573853347,221.554509934924,31420610
2023-11-28,225.99758911132807,231.93832217632985,224.94922086808504,227.6949392391812,25668670
2023-11-29,225.69805908203125,228.9929242609359,223.85093330801485,228.9929242609359,14007708
2023-11-30,229.04283142089844,231.43910390121928,222.3033407791127,225.69805631747585,45432216
2023-12-01,225.1489105224609,231.23941929579533,224.49992862605427,231.0896436954485,17634910
2023-12-04,229.74176025390625,231.63879602388195,227.54517327599865,229.3922990796848,21079668
2023-12-05,242.1224365234375,245.61698715367268,229.0428266419732,230.6403415955219,60847483
2023-12-06,246.6653594970703,251.2082784390283,242.6216620820301,244.5186977903048,45262704
2023-12-07,248.7620849609375,250.30967476746704,244.71840271279007,248.61232459435132,23000400
2023-12-08,243.8697204589844,250.1099896621313,239.6263374008444,248.61232505337608,19056798
2023-12-11,245.21762084960932,246.615435035148,242.67158800770568,244.4687885569925,8875953
2023-12-12,240.17547607421875,246.91496658734985,237.9289792365084,245.66691278862183,12749596
2023-12-13,239.3767242431641,242.02259226487337,234.9835808620156,241.6232211338716,13774944
2023-12-14,238.228515625,243.3704911910233,237.67936890556263,242.52180851234445,14352896
2023-12-15,237.2799835205078,242.22228878066403,236.0319297144142,239.62633076997656,26225287
2023-12-18,239.77609252929688,241.82290383021865,237.23007493806176,240.6247752163965,17001755
2023-12-19,237.92898559570312,240.42509325987325,237.52959922841663,239.92587172703924,13053454
2023-12-20,231.7386474609375,247.81357208126,229.6918360778595,238.52804829012427,44628843
2023-12-21,237.62945556640625,238.3283626828304,228.6434677508699,230.49059356252093,17015304
2023-12-22,236.3813934326172,239.376722599662,234.23474695691456,238.3782795439804,10871312
2023-12-26,234.33457946777344,237.62944456121684,233.33613642339856,236.88061227793568,11865886
2023-12-27,233.6356811523437,236.8806211683485,232.63723807049607,235.632567316039,12430460
2023-12-28,232.9866943359375,235.98202351839208,232.18793684027656,234.6341192922747,10533952
2023-12-29,232.5873107910156,234.83380770509828,231.88840368697416,233.53582866328853,11614923
2024-01-01,234.1848297119141,236.03194028664845,232.93677584991812,232.9867010514045,7919961
2024-01-02,234.98358154296875,235.63256344148544,231.6387911797653,234.6341203760554,9216592
2024-01-03,234.1349029541016,235.63256757854143,233.1863850722961,235.0334956347525,9864949
2024-01-04,241.024154663086,242.87128046464088,236.4313256123794,238.47813698395944,32808937
2024-01-05,243.2706451416016,247.8135641053822,241.1239986595562,244.1193278354513,29722064
2024-01-08,242.0225982666016,246.5155921594348,239.92587692429888,246.46568219309592,21118013
2024-01-09,241.77297973632807,244.2690873744692,241.12399784442425,243.52025508302685,10689245
2024-01-10,240.57485961914065,241.9227638853856,238.92743461375892,241.62322791121647,11798543
2024-01-11,251.15835571289065,253.00546623965863,240.2753171778816,242.62166447151608,45792818
2024-01-12,254.6529083251953,258.94621657783284,253.3050040852285,254.60298312463505,46763296
2024-01-15,254.6529083251953,254.6529083251953,254.6529083251953,254.6529083251953,0
2024-01-16,248.4625701904297,257.59831841219807,246.11622282405747,253.7043964371896,70456857
2024-01-17,242.17236328125,246.61543177842992,241.772976922776,246.61543177842992,28318086
2024-01-18,242.87127685546875,247.51403103844632,238.67781900712896,243.0709624225264,24804800
2024-01-19,245.8666076660156,248.76208649477,245.01792495670884,245.467236529302,16563079
2024-01-23,240.0257110595703,247.663809785552,239.62633992038263,247.4641242159581,13184700
2024-01-24,239.3767242431641,241.17392480273645,236.7308562214548,239.62633500879824,15276800
2024-01-25,239.47657775878903,242.27220618223444,238.52804464901405,240.02570926230223,12352497
2024-01-29,250.6092071533203,254.0039074510258,239.6263335330553,241.6232196458308,41148261
2024-01-30,247.31434631347656,253.5546155242276,246.71528961026385,252.75585801824496,15292451
2024-01-31,247.86349487304688,250.2098422075499,245.71684834278167,247.26442293039813,15183900
2024-02-01,252.00701904296875,254.30344109875108,248.8120043386346,250.60920487077,24323325
2024-02-02,253.40484619140625,256.8993815907536,250.20983151555177,252.1068671944877,30218956
2024-02-05,288.64990234375,295.2396328073523,255.3018941202635,255.9508912673789,211028604
2024-02-06,270.5281677246094,285.2552033184998,265.63577220211243,285.2552033184998,86635613
2024-02-07,268.0819702148437,275.2707726656142,266.9836767195781,273.02427570850654,30963705
2024-02-08,262.3908386230469,269.9790123965279,261.54218635073795,269.57964124425325,21948925
2024-02-09,272.574951171875,275.8698010309821,257.9976766269122,263.9883348944259,51120889
2024-02-12,271.0273742675781,280.6623434694493,267.28321288316727,275.6701282902349,47043875
2024-02-13,272.3253479003906,274.9712159472981,263.28945028640527,270.02894102271193,31220101
2024-02-14,272.574951171875,274.57183726104626,268.13186743544355,269.47977163964686,21374190
2024-02-15,273.6233215332031,278.5656271053566,272.57496845792963,274.57185467373864,19477720
2024-02-16,271.4766540527344,276.3191088474153,270.5780614187879,274.8713542643449,14337059
2024-02-19,273.5733947753906,276.66857431394243,271.4766582834643,272.8245624904215,18390283
2024-02-20,281.26141357421875,288.8495562217219,273.1740189419449,273.77309085360656,55688591
2024-02-21,289.6483459472656,294.0414894408235,282.759094733497,283.55783701593845,64130106
2024-02-22,302.37847900390625,304.8246461556779,290.6467733519622,291.24584526649966,75689296
2024-02-23,333.4300842285156,346.45975444842003,304.8746055776588,305.32388668899654,270077122
2024-02-26,327.28961181640625,347.4581731346618,325.242815800621,339.9199404745069,107359705
2024-02-27,318.0041198730469,338.1726822068672,316.0571436857983,328.7872929114854,57002014
2024-02-28,307.8199768066406,321.94797018779855,305.57347996837274,319.5017725536592,48176158
2024-02-29,309.5173645019531,321.4986818375126,307.5204782793599,311.5142507245464,81356675
2024-03-01,317.4050598144531,321.0993115239054,311.0649399471818,313.011916207311,37623310
2024-03-04,322.0977478027344,330.98388523385347,320.1008616173114,329.4363106281767,24183886
2024-03-05,321.1991577148437,327.3894866577541,319.0025707050613,323.49556465865373,18301432
2024-03-06,325.8418884277344,333.380121104485,320.84967328549874,322.4471882250268,53717380
2024-03-07,333.380126953125,336.8746776139965,323.6952476893194,328.4877621219177,35988723
2024-03-11,355.0962829589844,359.2897561733639,331.93242128592857,336.37547480562097,121739384
2024-03-12,361.28662109375,373.9169194898483,358.19144156737804,359.4394953707487,111054091
2024-03-13,327.68902587890625,366.328754183818,323.99477435311013,363.1337546602172,99102083
2024-03-14,337.8232116699219,340.96830117976344,317.5048895319613,327.48932002038777,74698602
2024-03-15,344.2132568359375,348.3068796174845,335.9261913394435,339.4706521369652,55087417
2024-03-18,352.0010986328125,359.13999109103435,341.96675778226404,346.4098417137384,48365406
2024-03-19,352.7499084472656,357.3427524550126,346.45972957952426,352.84975884375075,42007913
2024-03-20,336.9745483398437,355.7952069855785,335.1274224993752,352.7499372296532,50983696
2024-03-21,338.17266845703125,347.7576972258948,336.57515350553285,343.9636258773916,28731856
2024-03-22,344.1134033203125,346.35990026266626,336.1757990727013,337.47376289581314,20548126
2024-03-26,345.6110534667969,351.9511728880121,343.01509545928394,344.4628500606076,27168989
2024-03-27,350.15399169921875,355.04635657642024,347.45818326174856,347.70779402558605,50090709
2024-03-28,353.1992492675781,357.19302169745885,349.85445876353987,354.29754277980845,22677067
2024-04-01,356.3942565917969,363.63296865770906,355.0463523889592,356.4441665559502,23644472
2024-04-02,356.5440368652344,362.2850846863896,355.9449649116225,358.44107265995086,29684726
2024-04-03,356.5440368652344,359.2398149513898,352.65011487185524,355.9449649116225,17920490
2024-04-04,360.7374572753906,367.2273370194045,357.442607439532,358.8404215980762,33926426
2024-04-05,372.6189575195313,374.2663824539134,358.4909640211845,360.43794015185847,46979676
2024-04-08,368.6751098632813,378.1104092231637,366.9777444274081,375.4146007003216,32853747
2024-04-09,367.1275329589844,374.1166345238381,364.8310955913508,370.42238293724665,23367026
2024-04-10,369.8732604980469,371.820206271088,366.9777511170032,369.07448773187207,16540320
2024-04-12,371.6205139160156,378.2601540780242,367.6267417319427,369.57368738964,32481005
2024-04-15,353.74835205078125,362.3849086048325,350.4535022518235,361.4363755417667,46281481
2024-04-16,361.28662109375,371.3709019189976,359.53934576903106,364.331860185949,48921026
2024-04-18,377.8108520507813,383.8015104780243,366.4286071330324,368.5752536421149,75356224
2024-04-19,369.5237731933594,377.5113174700272,368.076018605188,377.4114670725562,39515729
2024-04-22,382.1041870117188,384.2508335852545,374.6657737198606,377.4114922481208,48640726
2024-04-23,387.3460083007813,394.08549914692406,384.4005890022188,386.3974751788537,35550933
2024-04-24,381.2554931640625,390.89046271552814,378.9091458506844,390.0917204458977,27660953
2024-04-25,381.7047729492188,386.7469287278388,379.657976846553,381.25549185037386,17043110
2024-04-26,381.1556396484375,384.2508192405778,379.9574957837173,383.7016572733877,14131318
2024-04-29,379.9075927734375,384.1509758727466,377.4613950340452,383.0027724222406,16136167
2024-04-30,376.41302490234375,383.20242536507686,374.9153603470294,379.9075755314106,16844939
2024-05-02,379.0588989257813,380.7562643036755,371.9200371918169,376.4130309297046,19658857
2024-05-03,375.3147277832031,385.2492480906173,373.76715327926325,379.9574817650858,21862922
2024-05-06,369.6735534667969,378.3100800871331,367.22735571227895,377.5113378044678,13990739
2024-05-07,355.6953430175781,370.12285753993086,353.0494749810743,369.6735459712514,29499389
2024-05-08,354.6470031738281,363.23358950295,351.55182345353126,354.4473023647513,20022506
2024-05-09,344.8622436523437,358.6906868019071,344.0635013534068,356.44418980732314,23209803
2024-05-10,347.3084411621094,348.45664464213195,336.27562653824896,345.8606864676904,24450324
2024-05-13,340.81854248046875,347.3583322942925,334.8777941228243,347.30842232963226,20674537
2024-05-14,351.9012756347656,353.1493294844136,341.6672340676523,343.4644194231195,19646171
2024-05-15,353.299072265625,358.2413469821726,350.753024257043,353.49874258959056,16860136
2024-05-16,354.4971923828125,358.59081497799536,351.8513243968007,355.84509659306417,12290684
2024-05-17,356.6438903808594,357.8420038284712,354.4473033551393,356.4441895712246,8815474
2024-05-21,357.1929931640625,361.6360768254073,355.196107108638,360.4379330041273,11792817
2024-05-22,357.0931701660156,360.1384399162307,354.647002842471,358.44107445086064,12042414
2024-05-23,367.1774291992188,375.414584307019,356.8435376063293,357.0931483671717,37524603
2024-05-24,364.8310852050781,370.1228516641421,363.6329718243936,367.9262647611248,18501102
2024-05-27,359.4894104003906,368.026116817774,358.59081774331446,367.4270448897019,15955078
2024-05-28,356.2944030761719,363.1836539225456,354.69688812641743,360.43793557673945,9228162
2024-05-29,348.6563415527344,355.5955027927019,347.55804805236056,354.4472993255196,15141731
2024-05-30,347.2085876464844,350.9527492674026,345.960533772845,348.2070307453959,9873346
2024-05-31,343.8138732910156,357.34276454576445,341.5673764093741,354.49719573500573,34213953
2024-06-03,355.54559326171875,367.4270600329,353.249155854474,367.4270600329,24058623
2024-06-04,332.431640625,357.442627963468,306.82155086553183,357.442627963468,59211461
2024-06-05,345.0619201660156,347.35832696631667,326.4908735577111,338.4721900185445,24785002
2024-06-06,348.8559875488281,352.2506877467035,347.5080833683306,349.45505945905626,16246617
2024-06-07,352.60015869140625,354.7967455998847,346.4597399986986,349.15554843455266,22668347
2024-06-10,349.8045349121094,356.7936363869964,348.1571099441846,354.6968998505174,15670416
2024-06-11,349.7046813964844,353.9480643970128,349.0057590671953,351.2023459849062,12762033
2024-06-12,360.3880310058594,362.9340485947711,351.00264196188306,351.4020435578458,29997548
2024-06-13,360.2382507324219,365.8295380691025,357.6423231029493,364.4317238524485,27424843
2024-06-14,356.4441833496094,362.1852311206465,355.5455906620688,361.4363988026852,19858187
2024-06-18,362.634521484375,364.43170675431617,357.04323441002214,358.19143780304364,22666205
2024-06-19,357.7421264648437,363.3833539762242,356.4940726738415,363.3833539762242,15717813
2024-06-20,364.9808654785156,367.7265840220336,357.4426322107016,358.34122491274894,33575312
2024-06-21,360.3381042480469,366.2289123713189,358.5908288446149,365.4301700892045,21075778
2024-06-24,354.7967529296875,355.84510597080885,351.75148326774496,355.4457348346705,16858520
2024-06-25,358.490966796875,361.935607525488,355.69533843022094,356.3942607569164,13212387
2024-06-26,355.6953430175781,359.1399837906162,352.60016341239475,358.3911514895266,27206818
2024-06-27,353.0494689941406,357.8419834518182,347.45818181347425,355.6953369857764,18689181
2024-06-28,357.5923767089844,361.4363885932849,354.8466582873503,356.44417328122296,23411225
2024-07-01,352.2507019042969,357.84198917437834,351.5018696039306,357.5923784075896,15688767
2024-07-02,350.4535217285156,354.8966056307635,349.455078646668,352.6501086966063,12146516
2024-07-03,350.7530517578125,355.84511770415634,349.1555671605847,352.450417229949,12102104
2024-07-04,350.3037414550781,356.29439960575905,349.7545795092279,351.451944839946,11944846
2024-07-05,352.2008056640625,354.2476018434674,348.5564944209421,350.3037698565541,15513571
2024-07-08,347.7577209472656,352.99954724344786,346.65945790887974,352.450415724255,11525948
2024-07-09,349.3052978515625,353.14930958589684,348.0073036390265,348.55646558396734,8908509
2024-07-10,347.40826416015625,350.3536528139361,343.56425240414416,349.85443129939074,11556794
2024-07-11,347.5080871582031,350.80296746535987,346.459734156418,348.9558417512049,8045640
2024-07-12,349.8045349121094,355.8451032845217,349.4550737443521,353.9480675496367,16327807
2024-07-15,354.8466491699219,356.1446433997458,351.1524282159538,353.74835573547495,15488346
2024-07-16,343.7140197753906,349.80452847108785,342.56581636252844,349.4550673097653,25005251
2024-07-18,336.4753112792969,345.611059185894,335.4768682191209,345.06192769082287,25188963
2024-07-19,338.2225952148437,341.4675352427352,331.5330143539338,336.5252297814592,15349322
2024-07-22,340.419189453125,342.46598563404865,333.7795184168206,338.22260243012823,12279130
2024-07-23,334.3785705566406,341.4675222888129,325.4924335267632,341.4675222888129,13863332
2024-07-24,334.17889404296875,338.4721868802684,334.07904364604155,334.7280255209734,8729363
2024-07-25,328.6874694824219,333.1305228436399,327.4893256153157,332.48154094481754,12201643
2024-07-26,331.3832397460937,336.1258441984604,329.0368925019628,329.33644369678194,9688122
2024-07-29,329.6859130859375,334.67812842358,328.9869907506418,333.97920608828434,12628377
2024-07-30,328.83721923828125,331.23347642511345,328.5876084798599,330.48464414984943,8705901
2024-07-31,327.9885559082031,330.7342744127619,326.9901128156363,328.837238630898,12402209
2024-08-01,328.1882629394531,332.38170572573136,327.73895135125,328.48778368487814,13137038
2024-08-02,325.7420654296875,327.7389516545438,324.04469995053336,325.4425446839853,7284359
2024-08-05,316.5563659667969,321.6983721990143,314.5095698431452,317.454989113829,16751766
2024-08-06,310.8652648925781,321.49867780034674,309.51736061524065,316.6562226773533,12640387
2024-08-07,329.2366027832031,336.6750158529116,312.81220207119344,315.9573221220504,20755735
2024-08-08,325.8918151855469,330.2849586430966,323.4955578877983,329.486216367202,9648681
2024-08-09,325.09307861328125,329.9854436966159,323.9947851121085,329.68592295541663,7793704
2024-08-12,328.6375427246094,330.4347586000667,321.7982013445335,324.49400992268664,12463583
2024-08-13,322.796630859375,335.9760915108269,321.49866706236634,328.9869900529494,15172143
2024-08-14,319.70147705078125,325.8418957191231,318.7030339999919,325.4924345573341,8040049
2024-08-16,327.6390991210937,329.0369133754005,319.0524823159732,323.49556632544454,16446600
2024-08-19,330.9339599609375,333.97919906483355,328.2880615115777,331.4331814842033,13708990
2024-08-20,333.6297302246094,337.4238319961302,331.4830838179934,331.8824549334001,15772046
2024-08-21,330.5845031738281,336.7249218972145,328.9869881842318,335.37701767255305,18916856
2024-08-22,329.0868530273437,332.88092463284505,328.3879306668257,331.6828111906125,8368346
2024-08-23,326.6406555175781,333.18047613358016,326.1913744026276,329.4862244591933,8935180
2024-08-26,322.7467346191406,333.6796988383489,321.2490699573349,332.1820341765431,26118300
2024-08-27,323.09619140625,326.09152068911993,321.14921518435847,323.9947840970979,16600233
2024-08-28,321.748291015625,329.73583586628445,320.40038672806315,326.49089577070407,21470187
2024-08-29,325.1429748535156,332.58138780327647,322.99632837870547,323.74516067015537,33808226
2024-08-30,321.1991577148437,331.083738318734,320.1507741769663,327.1398758825545,27498340
2024-09-02,344.3630065917969,348.80609041348987,322.6468699553331,323.3957022531422,65333808
2024-09-03,349.65478515625,354.4472998392904,341.9667611125548,350.453527446735,65293715
2024-09-04,346.6594543457031,349.7546035603445,342.51589113049675,344.4628673513784,22005759
2024-09-05,344.81231689453125,349.90438259498,343.46441266940303,348.05725683980904,16406870
2024-09-06,336.3255615234375,345.3115493484778,335.47687880150403,344.46286662654427,17265092
2024-09-09,341.1679992675781,345.3115317933493,328.78728118422134,337.423837864159,18687398
2024-09-10,350.9527282714844,359.18988334471265,340.3193159982387,343.41449551370687,60920830
2024-09-11,343.7639465332031,354.8466710175898,342.51589266041333,351.95119212673046,22779115
2024-09-12,349.25537109375,351.4020480542948,341.7670481245867,345.7608203748072,18880957
2024-09-13,351.35211181640625,353.84821950261266,346.35989644399336,349.80453723898404,17631913
2024-09-16,348.2569274902344,354.1477659262104,346.4597421684525,351.45195747347344,11639025
2024-09-17,351.1025085449219,354.9465205577744,343.4644249560461,348.1571196943437,14931440
2024-09-18,346.3598937988281,352.7000133673856,344.56270846651046,349.9542949335277,12141036
2024-09-19,346.1102905273437,349.95430251200213,337.92307548385224,348.2070271071633,17295767
2024-09-20,353.3489990234375,355.3458851783821,347.80765213149203,347.8575620973398,38491941
2024-09-23,353.6984558105469,360.63764730099547,351.70156968035326,353.7983062110694,22868793
2024-09-24,351.9012756347656,355.44573637974,348.55648522369614,353.24914941633364,20086102
2024-09-25,352.2507019042969,354.44728884006383,348.4566304371332,351.1524389064777,13663033
2024-09-26,349.3052978515625,353.04945918953825,348.4067052244609,351.9511657697194,11584354
2024-09-27,358.5908203125,362.43483220260106,348.55647970813965,349.4550723716539,61551034
2024-09-30,350.0541381835937,357.59237099635646,349.0556951371317,356.4441675869379,26763318
2024-10-01,350.4535217285156,352.4504078922109,345.71091708973944,351.4519648103633,16421563
2024-10-03,345.0619201660156,349.9542849601766,338.52209998243933,344.4628482489613,24232870
2024-10-04,338.2724914550781,344.7623712475226,335.97608463962325,342.9651859545634,18945511
2024-10-07,335.8263244628906,348.3567724964481,328.6874627812605,345.56114415694907,38001804
2024-10-08,345.0619201660156,349.1555427174797,332.4815317881278,334.2288071053327,20853384
2024-10-09,342.4659729003906,347.45818824879285,341.01821826132823,344.4628590397515,12692777
2024-10-10,343.26470947265625,346.95896095720457,342.4659672181904,344.4628533244189,8914571
2024-10-11,340.9682922363281,343.91371134118253,339.91993925056664,342.91526831852855,8105506
2024-10-14,339.5205383300781,342.91526898979726,338.7217960984166,342.26625664775133,7284123
2024-10-15,336.2257080078125,341.41762422446686,335.5767260982469,341.41762422446686,9425660
2024-10-16,333.1305236816406,338.6719009933656,331.9823202469797,336.52522402022845,10530774
2024-10-17,328.6375427246094,334.47844099723085,328.08841120353566,334.3286806251258,9765396
2024-10-18,329.8356628417969,332.38168039406776,324.9932080260444,328.6375190112792,9740536
2024-10-21,326.6905822753906,333.8793540441744,325.542348377333,333.8793540441744,8404918
2024-10-22,313.56103515625,327.88869936008734,310.6156463704154,327.4893282245581,16864967
2024-10-23,314.2100524902344,320.9495433451435,312.66244741929034,315.7576270911135,15298133
2024-10-24,315.6078491210937,317.9042559111206,314.35979532867407,314.5095556897518,7628619
2024-10-25,310.7154846191406,317.35512470657693,305.52356865013263,317.00566355038274,12405373
2024-10-28,316.156982421875,318.7529404190657,310.166324183772,314.01033598056745,9290007
2024-10-29,325.692138671875,326.440970967592,313.41127074007767,317.2053726537489,14904512
2024-10-30,319.4518737792969,326.24127449585194,318.05402909936095,326.24127449585194,11570929
2024-10-31,321.7981872558594,323.3957022518586,317.20537353869986,319.45187043211826,6666478
2024-11-01,325.692138671875,326.3411205674836,323.695252549963,324.4939948107022,4366260
2024-11-04,319.3520202636719,326.2911812796766,318.8028582961767,326.2911812796766,8097386
2024-11-05,321.3988037109375,323.4955401578249,318.25371427563795,319.501768057111,5979530
2024-11-06,325.5423583984375,327.3894842151463,322.297418345053,323.4456522784565,7203398
2024-11-07,321.0493469238281,327.9885382312047,320.05090388507256,326.4908736730713,7046798
2024-11-08,315.55792236328125,321.8481320317248,314.3098685167723,321.1991501255531,7871347
2024-11-11,311.5142517089844,315.6078745722502,310.1164374427649,313.5111379378881,8429474
2024-11-12,309.7669677734375,315.6577758933271,309.51735700166194,311.71394398131264,5765828
2024-11-13,298.933837890625,309.5173401310544,297.5360237388845,309.5173401310544,14563487
2024-11-14,317.8543701171875,320.0010167093683,302.27865150939544,302.27865150939544,42750072
2024-11-18,318.3036499023437,322.3972727296395,313.3613748112735,319.5017938171844,15570302
2024-11-19,318.8528137207031,323.29586728440904,316.60631672004536,319.50179564910223,9800376
2024-11-21,313.7108154296875,318.4034794367513,312.56258155736714,316.5064437543186,9585103
2024-11-22,313.3114318847656,317.2053843420284,311.86370767507265,314.01035424121415,11366576
2024-11-25,322.7467346191406,324.494010057914,317.50490830282047,318.3535910385235,25530717
2024-11-26,325.5423583984375,326.39104112179723,319.6016402750496,320.9495445450839,11006017
2024-11-27,328.3879089355469,331.43317848192106,321.8980291918797,325.1929094976257,11501641
2024-11-28,324.9432983398437,330.88401612357103,324.4939867855,328.43784896676453,9679906
2024-11-29,327.8387756347656,331.7826073289298,324.8434465389159,325.0431168632679,18285878
2024-12-02,329.18670654296875,329.98544884533965,324.5938621291718,325.4924548368555,8216182
2024-12-03,339.8200988769531,341.91683538038023,329.33644682988137,330.83411140803446,18445722
2024-12-04,344.6625671386719,346.80921368991926,340.11963279340733,341.5673874631206,16774994
2024-12-05,340.9682922363281,346.759249579696,339.0712565872982,346.2101181052614,11818459
2024-12-06,338.3723449707031,342.5158775515755,337.9729738430402,342.5158775515755,8074543
2024-12-09,336.3255615234375,340.76861499933506,335.3770283983239,337.97298653068185,10589894
2024-12-10,334.5782775878906,337.4238464206607,333.1305229538305,336.47531331971595,7366133
2024-12-11,342.4659729003906,344.4628590397515,332.7810629364646,334.17890761006873,20098921
2024-12-12,337.7732849121094,345.7608296262716,336.67502188996406,343.2647219030959,10639649
2024-12-13,339.2210388183594,340.16957193906364,330.13520063237564,336.4753203290276,9126606
2024-12-16,339.8200988769531,341.91683538038023,337.623511974303,338.7218054256281,6632276
2024-12-17,336.5751647949219,340.36923627068563,335.37702092359416,338.52211049824894,8027327
2024-12-18,324.0946350097656,336.4753233044012,323.0462514770748,335.4768802085424,13957883
2024-12-19,312.5126647949219,319.4019155286568,310.2661680032651,317.5048798874925,21490551
2024-12-20,303.8262023925781,314.2599442630461,302.3285378448591,314.2599442630461,19669669
2024-12-23,304.2256164550781,308.36914911297947,301.579717936238,308.31920867730327,11299664
2024-12-24,304.2256164550781,306.5220233343783,303.1273229810397,304.2256164550781,6911511
2024-12-26,305.07427978515625,306.2225137366273,302.42841164016124,304.225627518508,8189884
2024-12-27,304.4752197265625,306.87147694815064,304.0259081668618,305.4736627747295,6020942
2024-12-30,305.773193359375,308.4690018643652,300.5313671875,304.5251395089286,45642158
2024-12-31,298.2349548339844,303.37693050972945,295.7887571438409,303.37693050972945,17838917
2025-01-01,303.9760131835937,305.9229589414343,298.3347853073775,298.43463571112795,8948678
2025-01-02,304.2256164550781,306.5220233343783,302.87771221285215,305.5235802616279,18554117
2025-01-03,306.9713439941406,310.41595441508105,303.7763138787131,306.2225116674059,25288548
2025-01-06,296.2380676269531,307.9697735636144,294.7903130041906,307.22094126978493,15616967
2025-01-07,298.6842346191406,300.531360369912,296.7871989035095,297.53603119679,8305881
2025-01-08,298.1351013183594,300.38159818458433,295.78875405295605,300.0321370224921,10545440
2025-01-09,288.7996520996094,298.0352503084992,288.3503405392595,298.0352503084992,15072307
2025-01-10,280.1131896972656,290.4970219493,279.5640581995422,289.5484888495259,13906821
2025-01-13,265.7356262207031,277.5671831053583,264.63733271152495,277.367482296393,22870943
2025-01-14,272.4252014160156,273.5734048679814,263.78867483810143,267.03361485934573,19834738
2025-01-15,271.97589111328125,275.57029232457126,270.8276876559419,274.5718492364388,12932861
2025-01-16,276.3690185546875,278.36590461496723,274.4220729279527,276.5687193487408,9804897
2025-01-17,278.56561279296875,280.86201963513605,275.2707628941958,279.56405584957434,12895002
2025-01-20,275.270751953125,279.5640447378599,270.7278179440971,278.56560172093896,15616628
2025-01-21,259.6950378417969,277.0679404460213,257.9976725050933,275.5702759030698,25289898
2025-01-22,262.3908386230469,263.1896113976619,253.6544765955345,261.2925755718081,19045792
2025-01-23,255.45166015625,266.98366518307245,253.2051632962147,263.0897433863573,26848859
2025-01-24,244.0694122314453,256.9493373352058,243.17081953736016,255.6014330590455,38379153
2025-01-27,232.936767578125,243.02103328393093,230.6902707063076,242.62166215628727,32924181
2025-01-28,233.0366058349609,238.12867157266604,230.9398845344599,236.6310069715801,32439612
2025-01-29,237.92898559570312,240.27531765900372,232.637234300656,234.63412043199213,23719434
2025-01-30,234.43443298339844,241.87283071589,233.13645396144608,240.275315729636,27503919
2025-01-31,241.2737579345703,243.3704944422393,235.43287520897573,236.63100382691576,31130589
2025-02-01,241.13397216796875,245.16769056549856,238.87749639095608,244.0194719329452,24079793
2025-02-03,233.6057281494141,239.18702129833227,232.53738674327136,238.62789561232697,15183090
2025-02-04,244.7183990478516,246.5655095598907,234.63411809119583,236.0319322751732,23138568
2025-02-05,249.4310607910156,253.9440126018797,246.21607281294712,246.26598277956808,28695524
2025-02-06,250.0900115966797,253.39485566380483,248.2628589818727,252.2067212284132,16298230
2025-02-07,249.0616149902344,252.3564800918525,245.74679199690212,248.01324674403327,11922059
2025-02-10,242.5817413330078,249.61077402617045,241.68313340549403,248.8918937781725,11175493
2025-02-11,235.5726623535156,242.80138049065613,234.38451265262344,241.62322497096852,15330326
2025-02-12,227.2656097412109,233.6157083602794,222.88244521500863,232.6372384044731,45167995
2025-02-13,227.70492553710932,232.6871619723209,226.6465783138657,227.82473383105176,15841475
2025-02-14,221.94390869140625,230.48060019324976,218.80879798523,229.64191165058588,22176523
2025-02-17,222.1036529541016,223.65124272532333,216.80192280745905,221.9039673915317,21988192
2025-02-18,220.67588806152344,223.63127096975404,216.67212166455147,223.21192671527663,19138944
2025-02-19,228.56358337402344,229.3423677417041,218.91861976193903,220.6758892972448,14085762
2025-02-20,234.90370178222656,235.5327105469653,225.5482799983863,227.6450165076007,15681050
2025-02-21,233.30618286132807,238.1785897619798,232.2777877509904,235.63255696807263,15152682
2025-02-24,228.0943145751953,233.1364550876958,227.6549971901016,230.6403474315106,14715002
2025-02-25,225.96763610839844,231.3092972309724,224.8992947428646,229.23253387972684,11683220
2025-02-27,221.35482788085932,227.6450223344764,220.705845972603,226.0075762919981,16215296
2025-02-28,207.2867584228516,219.55761657916167,206.6777075641068,218.9186136482681,50855490
2025-03-03,200.607177734375,209.9226533099353,198.34070772296056,209.6730425450008,51311993
2025-03-04,206.0586853027344,207.7160892174217,198.71014371093852,199.67863470595347,50579885
2025-03-05,216.76199340820312,217.32111908158808,206.67771245526208,206.67771245526208,36954756
2025-03-06,219.5975646972656,222.0437470987278,217.72048690649592,221.65435492245447,24296337
2025-03-07,221.46466064453125,224.15047500987168,218.44935822936884,219.65748107871613,27997558
2025-03-10,216.1629180908203,224.54983353012352,215.16447505113985,222.25342672688384,19521402
2025-03-11,217.2212677001953,218.6490491850937,212.67834877192865,214.3657199654304,20118890
2025-03-12,225.17886352539065,226.14735451851087,216.3825825488321,219.65747458751608,28455086
2025-03-13,222.25343322753903,228.5835586278544,220.9754273181704,227.5252114124428,25219084
2025-03-17,219.17822265625,223.50148289202767,218.199737497784,222.77260849612367,22290255
2025-03-18,219.17822265625,219.17822265625,219.17822265625,219.17822265625,0
2025-03-19,228.48370361328125,230.88995501711045,225.2886889043752,226.91615594900327,21456932
2025-03-20,231.3292694091797,233.8852811433008,228.59353000639263,230.6403412768516,24426400
2025-03-21,228.7632751464844,235.5726643105044,227.6949489659463,231.6387961113529,46879564
2025-03-24,232.31771850585932,234.0949611277153,230.34080555866768,231.5389341559041,26607361
2025-03-25,227.17575073242188,233.83536418798133,225.957648966964,233.7355290218977,22492788
2025-03-26,222.3233184814453,228.5436145952524,221.6643423931681,227.64502191853424,19372538
2025-03-27,225.4284820556641,227.6450269580052,220.9854133045868,221.824101852761,188868886
2025-03-28,227.15577697753903,231.9383278061713,225.75796277597368,226.82628893680604,30356334
2025-04-01,230.06124877929688,230.9298893690138,224.859368951983,226.64657533158,18781790
2025-04-02,229.4222412109375,230.63036399643,224.94922064392705,230.63036399643,16203186
2025-04-03,230.05126953125,231.4291105967452,226.1473535031109,226.64657503402285,11752612
2025-04-04,221.973876953125,229.99137381461964,220.4562391777204,229.69183783808768,20832533
2025-04-07,213.18756103515625,214.6652524607048,202.78378644177613,202.78378644177613,25772065
2025-04-08,224.45997619628903,225.14890432784628,216.28272530438213,216.66213853278336,25131280
2025-04-09,220.57603454589844,223.6512409369858,217.91019345757653,223.6512409369858,19372735
2025-04-11,229.6618804931641,230.62037731402955,223.3716860704845,225.42847636841688,24630876
2025-04-15,238.1985626220703,239.1171283877992,232.23785647307432,235.532706306764,27663804
2025-04-16,241.9027862548828,242.37205571750508,236.89059776785083,238.67781939827148,27720767
2025-04-17,246.0862579345703,247.613874570984,237.9289801045284,242.5617552129069,30422206
2025-04-21,245.9964141845703,249.610773306843,244.1193362940924,249.610773306843,31786610
2025-04-22,250.16989135742188,250.94867572754063,243.320571337764,245.11777189766576,30235264
2025-04-23,257.73809814453125,258.1474329727861,250.998592463414,251.60764332053552,37568336
2025-04-24,258.3771057128906,259.3955067116334,256.1006566503568,257.5983213091308,17152009
2025-04-25,252.6560211181641,261.2126702790132,248.7121740510386,258.37709562551345,33348716
2025-04-28,257.4984741210937,259.2956900161119,251.90720179951327,251.9970580237543,19380922
2025-04-29,257.2288818359375,259.3455761772656,255.202043710602,257.6981512772744,12494831
2025-04-30,260.0145568847656,262.8900473225376,254.8026676217963,255.60142512231,32058337
2025-05-02,258.9462280273437,264.787126345417,257.34871294897226,262.49068889836246,16935190
2025-05-05,260.1942749023437,261.99146027323945,258.896280605528,259.1958318140539,10986246
2025-05-06,250.80889892578125,260.3440333973105,250.01014141389328,258.8463687756577,18568703
2025-05-07,255.70127868652344,256.3003506280784,244.6684796139518,244.6684796139518,19393399
2025-05-08,251.0585021972656,257.89782795751216,249.011690895136,255.7012715267352,14849940
2025-05-09,247.96334838867188,249.6107733990929,241.6232286503219,243.7199652408873,25011071
2025-05-12,262.4906616210937,263.08973352198745,256.59985394744126,258.5468300078302,19437052
2025-05-13,266.9836730957031,268.53127814941007,261.09286502659216,262.7902304480605,19305043
2025-05-14,267.0835266113281,269.52972437018684,264.7871196920418,268.3814904404787,13255755
2025-05-15,273.2738647460937,274.1724573634523,265.0866198544656,267.5827273860519,16201350
2025-05-16,276.5687255859375,277.51725867398704,272.6248633399176,273.6732468272455,13449060
2025-05-19,276.61865234375,278.9150897863131,275.32068848452377,276.5687423761127,10202024
2025-05-20,271.0273742675781,277.5671639643237,270.4283023520597,276.66857132607777,12885413
2025-05-21,273.9228515625,275.07105495377533,269.9290794397592,271.0772828310345,10476515
2025-05-22,274.1225280761719,276.9181869072532,270.9774385525113,274.0227081469,13207455
2025-05-23,281.31134033203125,283.20837610716063,274.1225379030448,274.52193951470565,13548313
2025-05-26,281.31134033203125,284.25675963267304,280.91196919043534,282.3097834210536,8653797
2025-05-27,290.9462890625,292.443953588014,278.6654521413106,279.56404476260644,24400393
2025-05-28,289.89794921875,298.78408637877595,288.3503441902216,295.58905639154534,37169009
2025-05-29,287.40185546875,291.59529825106324,285.05550806492056,291.2957775059214,15854792
2025-05-30,286.2037048339844,290.546938357046,285.15535178051584,287.5516090956331,17881681
2025-06-02,286.0040283203125,288.7497467506277,282.958758688288,286.5032498530971,12638716
2025-06-03,283.4579772949219,290.34722828221817,282.65923503873773,287.3019891516941,9276084
2025-06-04,289.89794921875,291.2458534468024,282.0601650860625,283.4579792792018,13640678
2025-06-05,291.046142578125,292.5438071196934,289.0991664860608,291.5453640919811,11867068
2025-06-06,293.5422668457031,296.4377456967668,290.0477160499209,291.5453806766847,15858719
2025-06-09,303.7763061523437,305.02435999849143,295.1896895968348,295.5391507677691,26608267
2025-06-10,302.3285522460937,306.3722649995929,301.62966037257155,305.3238814842125,15246190
2025-06-11,302.1788024902344,306.32233532113327,299.23341358468576,303.02748523151865,17551031
2025-06-12,295.5391540527344,303.3769383876729,294.5407109647184,303.3769383876729,16175003
2025-06-13,293.5921630859375,294.8402168832252,287.3518940994989,287.5515948950903,16908691
2025-06-16,293.6920166015625,294.4907893223444,287.05237642351824,293.043034714096,16256316
2025-06-17,289.3487854003906,295.0399230068219,288.9494142720592,294.54070147889155,8857573
2025-06-18,287.70135498046875,292.19434864638987,286.90261273899705,288.5500376558221,8400088
2025-06-19,283.6576843261719,290.1475643279636,282.25987011210657,289.0492708490321,13910925
2025-06-20,293.7918701171875,294.54070241145394,282.55938570319137,282.75908650302136,21062467
2025-06-23,292.6935729980469,295.4392913760212,287.00246591482926,288.1007288899681,13408538
2025-06-24,300.3316650390625,303.9260662062719,296.6374439403159,297.5360366146021,24073049
2025-06-25,302.8277587890625,304.4752141644938,301.5297950381817,303.22716037708415,11854474
2025-06-26,312.0134582519531,312.4128293845028,303.6265425881535,304.32543445259927,37158992
2025-06-27,322.9464111328125,328.787278498382,312.3629088915909,313.61096268253533,60666211
2025-06-30,326.24127197265625,331.38324767102034,324.6936974076364,326.3910323386155,36746297
2025-07-01,329.0868530273437,331.38325997750525,326.5907452684441,327.689038776373,20683383
2025-07-02,326.1913757324219,330.43475894351366,324.5439202273573,329.6859266121445,13385187
2025-07-03,324.5439147949219,328.2381664225323,324.0446932490321,327.0400225243708,11497044
2025-07-04,324.444091796875,327.0899598710832,322.8465767711059,325.4924448453141,9623498
2025-07-07,327.53924560546875,329.18670109067887,322.5470301231719,324.44409638249687,13172854
2025-07-08,328.3380126953125,330.18513848588134,324.24438997650003,328.4877730631825,13953335
2025-07-09,329.3364562988281,334.7779528071978,328.2381628159254,328.4877735861276,24522736
2025-07-10,331.1336364746094,332.88091183868323,328.48776844588184,329.98543304365944,13973005
2025-07-11,325.292724609375,330.484640515468,324.4939823792359,330.484640515468,14554942
2025-07-14,318.6031799316406,327.1897961635524,317.1554253366439,324.4939877694424,17980889
2025-07-15,320.6999206542969,322.04779439913455,317.80441142596624,320.6000702550331,12753151
2025-07-16,319.0524597167969,322.19757965379324,318.1538670791108,320.5002143058924,14151922
2025-07-17,317.6546630859375,320.4503220208253,316.85592080172097,319.60163930005467,12037735
2025-07-18,316.356689453125,323.4456412686139,313.2615098750874,320.0010005257865,29776471
2025-07-21,316.7560729980469,320.3005338096837,313.61098333179564,317.7046061296448,16996843
2025-07-22,310.31610107421875,317.9542151106832,309.36759841803666,317.5049035308682,15797945
2025-07-23,313.96044921875,314.7092815538527,311.1148802513466,311.1148802513466,9726960
2025-07-24,315.9573059082031,318.9026945355493,312.9619768478128,314.5095513409893,11348072
2025-07-25,310.7654113769531,315.0587044706008,309.71705832177975,315.0587044706008,10957081
2025-07-28,306.8714904785156,315.358256762128,306.0228077561414,310.7654124440424,15732708
2025-07-29,320.6000671386719,321.9978813045861,305.823091823121,305.823091823121,27086587
2025-07-30,319.8013000488281,323.4955515602267,319.2022585886568,322.49710849985564,15393963
2025-07-31,328.73736572265625,332.13206591097327,315.9573072007346,316.5064386760274,49292436
2025-08-01,328.98699951171875,332.1820296009208,325.49244868230744,329.43631109209764,19635750
2025-08-04,333.380126953125,334.977641920679,328.0883909975451,329.3364448049992,19850637
2025-08-05,332.331787109375,338.0728348511155,330.9838828499099,333.9293021402201,16052991
2025-08-06,326.04156494140625,333.08060670763524,325.0930623284117,332.6812355826868,11615135
2025-08-07,324.99322509765625,327.4893328173003,316.30675804526896,322.4971173780122,16461908
2025-08-08,320.6499938964844,325.4924490017193,319.60164083465827,324.5938563101448,10312947
2025-08-11,327.75,328.6000061035156,320.79998779296875,321.0,11342718
2025-08-12,327.0,331.70001220703125,326.54998779296875,327.95001220703125,10094423
2025-08-13,330.6000061035156,332.6000061035156,328.6000061035156,328.6000061035156,11363627
2025-08-14,327.3999938964844,331.95001220703125,325.8500061035156,330.6000061035156,8079069
2025-08-18,329.3500061035156,333.70001220703125,327.6000061035156,331.25,9341169
2025-08-19,331.29998779296875,333.20001220703125,328.45001220703125,330.0,8842923
2025-08-20,328.45001220703125,331.0,327.04998779296875,330.8500061035156,8822662
2025-08-21,323.8500061035156,329.3999938964844,322.6000061035156,329.0,10947441
2025-08-22,320.6000061035156,326.29998779296875,320.1000061035156,324.79998779296875,8800338
2025-08-25,319.70001220703125,322.3500061035156,318.3500061035156,322.0,11445521
2025-08-26,315.75,320.1499938964844,314.20001220703125,319.5,10076775
2025-08-28,310.1000061035156,316.8999938964844,309.5,315.75,15243091
2025-08-29,311.70001220703125,316.6499938964844,309.3500061035156,311.0,17274984
2025-09-01,314.04998779296875,314.5,307.20001220703125,311.70001220703125,11486206
2025-09-02,311.75,316.25,311.0,314.20001220703125,13220799
2025-09-03,313.70001220703125,314.70001220703125,309.79998779296875,311.0,11360605
2025-09-04,309.45001220703125,316.0,309.0,315.25,10392904
2025-09-05,309.3999938964844,313.8999938964844,308.8999938964844,310.0,8618197
2025-09-08,311.1000061035156,313.3500061035156,309.6000061035156,310.75,6198613
2025-09-09,307.95001220703125,312.3500061035156,307.25,311.1000061035156,10103729
2025-09-10,310.04998779296875,313.3999938964844,309.25,310.0,10838910
2025-09-11,310.70001220703125,312.5,309.95001220703125,310.04998779296875,6146666
2025-09-12,311.20001220703125,312.20001220703125,310.0,311.04998779296875,6049420
2025-09-15,315.3500061035156,316.6499938964844,310.0,311.04998779296875,14414947
2025-09-16,315.45001220703125,317.79998779296875,314.29998779296875,315.79998779296875,10963429
2025-09-17,315.8500061035156,318.70001220703125,315.0,315.8999938964844,8836571
2025-09-18,317.3500061035156,317.95001220703125,315.8999938964844,316.29998779296875,9396848
2025-09-19,317.0,321.6000061035156,315.79998779296875,317.6000061035156,17671561
2025-09-22,313.8500061035156,319.0,312.79998779296875,317.0,7711667
2025-09-23,312.54998779296875,315.0,310.75,313.8500061035156,11896537
2025-09-24,306.75,314.1000061035156,306.0,314.0,11253782
2025-09-25,301.6000061035156,308.29998779296875,301.0,306.75,12147554
2025-09-26,295.8500061035156,301.6000061035156,294.3500061035156,300.8999938964844,11503280
2025-09-29,294.20001220703125,299.8999938964844,293.3999938964844,296.0,9607887
2025-09-30,293.20001220703125,296.79998779296875,292.20001220703125,295.0,10119815
2025-10-01,300.04998779296875,300.8500061035156,293.04998779296875,294.0,8551743
2025-10-03,301.70001220703125,302.95001220703125,298.79998779296875,300.04998779296875,8773415
2025-10-06,306.25,306.6499938964844,301.5,302.0,8816471
2025-10-07,309.8999938964844,315.0,306.29998779296875,306.3500061035156,18717966
2025-10-08,304.6499938964844,310.95001220703125,304.20001220703125,309.8999938964844,7853613
2025-10-09,307.3500061035156,308.1499938964844,305.29998779296875,305.29998779296875,6279739
2025-10-10,308.1499938964844,310.3999938964844,306.6499938964844,307.0,7654597
2025-10-13,308.45001220703125,308.79998779296875,304.70001220703125,306.0,6533659
2025-10-14,305.6000061035156,310.79998779296875,305.1000061035156,309.6499938964844,7420573
2025-10-15,312.6499938964844,312.95001220703125,305.6000061035156,305.6000061035156,14796118
2025-10-16,312.1000061035156,314.29998779296875,310.6000061035156,314.04998779296875,10445546
2025-10-17,309.29998779296875,314.75,307.04998779296875,313.54998779296875,13963053
2025-10-20,310.70001220703125,315.79998779296875,309.1000061035156,309.20001220703125,14883909
2025-10-21,311.79998779296875,313.29998779296875,311.04998779296875,311.45001220703125,3190393
2025-10-23,309.04998779296875,313.8500061035156,308.3999938964844,312.0,11107313
2025-10-24,305.95001220703125,311.1499938964844,305.5,310.0,8292307
2025-10-27,305.54998779296875,307.8999938964844,305.1499938964844,306.8500061035156,8333968
2025-10-28,307.95001220703125,308.75,305.04998779296875,306.1000061035156,11236088
2025-10-29,309.75,310.75,307.6000061035156,307.79998779296875,8605721
2025-10-30,309.79998779296875,312.79998779296875,309.1499938964844,310.1000061035156,8517048
2025-10-31,306.79998779296875,310.95001220703125,306.25,309.0,6533999
2025-11-03,306.79998779296875,308.3999938964844,303.5,306.20001220703125,8075806
2025-11-04,301.8999938964844,306.95001220703125,301.3500061035156,306.0,8396727
2025-11-06,298.1000061035156,303.20001220703125,297.5,301.8999938964844,8339076
2025-11-07,299.29998779296875,300.1499938964844,293.5,297.0,9364502
2025-11-10,301.95001220703125,303.3999938964844,299.6499938964844,299.6499938964844,8870055
2025-11-11,304.8999938964844,305.6499938964844,297.6499938964844,302.0,10752137
2025-11-12,309.5,310.29998779296875,305.25,305.29998779296875,12029642
2025-11-13,310.70001220703125,316.6000061035156,309.70001220703125,310.0,15761851
2025-11-14,314.8999938964844,315.70001220703125,309.29998779296875,311.0,13675544
2025-11-17,312.0,316.8500061035156,311.1499938964844,316.0,8876003
2025-11-18,305.95001220703125,311.8500061035156,305.45001220703125,311.1499938964844,8869128
2025-11-19,304.45001220703125,306.3999938964844,303.6000061035156,305.8500061035156,5882303
2025-11-20,308.3500061035156,309.6000061035156,305.20001220703125,305.6000061035156,7784069
2025-11-21,303.54998779296875,308.3500061035156,303.0,307.0,5973657
2025-11-24,299.8500061035156,304.3500061035156,299.1000061035156,303.29998779296875,12349069
2025-11-25,300.79998779296875,303.3999938964844,299.6000061035156,299.75,7131282
2025-11-26,308.0,308.6499938964844,301.5,301.5,8885249
2025-11-27,306.45001220703125,309.79998779296875,305.0,309.0,5565162
2025-11-28,306.20001220703125,308.0,305.5,306.1499938964844,5488672
2025-12-01,304.75,308.1499938964844,303.54998779296875,307.1000061035156,6225454
2025-12-02,304.8500061035156,307.0,303.0,303.0,8589532
2025-12-03,301.0,305.70001220703125,298.45001220703125,305.0,8408528
2025-12-04,302.25,303.45001220703125,300.0,301.0,5601692
2025-12-05,303.75,304.45001220703125,300.25,302.0,6506083
2025-12-08,297.20001220703125,304.25,295.25,303.0,12432114
2025-12-09,293.20001220703125,296.79998779296875,288.75,296.1499938964844,13376328
2025-12-10,290.8500061035156,295.3999938964844,289.25,294.0,8655536
2025-12-11,298.45001220703125,299.0,290.0,291.0,9589482
2025-12-12,300.75,302.3999938964844,298.75,300.0,7955711
2025-12-15,299.6000061035156,300.3999938964844,297.54998779296875,299.0,4850351
2025-12-16,295.25,298.75,294.5,298.04998779296875,7141463
2025-12-17,293.1499938964844,296.0,291.70001220703125,295.0,5906902
2025-12-18,292.29998779296875,293.54998779296875,289.75,292.70001220703125,6478984
2025-12-19,296.95001220703125,297.79998779296875,293.3500061035156,294.1000061035156,8767177
2025-12-22,298.75,299.95001220703125,297.8999938964844,298.0,5136735
2025-12-23,298.70001220703125,299.75,297.70001220703125,299.54998779296875,5346120
2025-12-24,298.8999938964844,302.6000061035156,298.04998779296875,298.70001220703125,6548391
2025-12-26,296.95001220703125,299.79998779296875,296.1499938964844,298.0,3945249
2025-12-29,293.95001220703125,297.54998779296875,293.3500061035156,297.0,4713140
2025-12-30,292.5,293.8500061035156,291.3999938964844,293.0,6850674
2025-12-31,294.95001220703125,296.8999938964844,292.6000061035156,292.6000061035156,6540400
2026-01-01,295.70001220703125,296.75,294.1499938964844,295.3999938964844,3697802
2026-01-02,301.70001220703125,303.0,295.5,295.6000061035156,10604978
2026-01-05,300.3999938964844,302.45001220703125,298.8500061035156,301.79998779296875,6971528
2026-01-06,298.54998779296875,302.29998779296875,293.5,300.1000061035156,10930694
2026-01-07,303.5,306.0,296.6499938964844,298.0,20416851
2026-01-08,293.54998779296875,304.29998779296875,292.1499938964844,303.29998779296875,12255998
2026-01-09,287.25,294.6000061035156,286.1499938964844,292.0,11375541
2026-01-12,288.25,289.0,280.75,287.25,12216471
2026-01-13,284.6000061035156,290.20001220703125,281.8999938964844,289.1000061035156,12956779
2026-01-14,287.0,287.8500061035156,281.8500061035156,281.95001220703125,6701056
2026-01-15,287.0,287.0,287.0,287.0,0
2026-01-16,278.79998779296875,291.0,277.1499938964844,287.0,18934861
2026-01-19,275.6499938964844,281.6499938964844,274.1000061035156,279.3999938964844,13006403
2026-01-20,265.5,276.45001220703125,263.20001220703125,275.1000061035156,18750739
2026-01-21,263.25,269.20001220703125,262.5,265.29998779296875,19266179
2026-01-22,262.6000061035156,268.1499938964844,259.75,267.0,12282969
2026-01-23,252.8999938964844,266.25,252.25,264.0,14857605
2026-01-27,256.04998779296875,257.5,250.1999969482422,253.8000030517578,14773866
2026-01-28,255.1999969482422,258.3999938964844,253.0,257.8500061035156,19034680
2026-01-29,254.5,256.8500061035156,252.4499969482422,255.8000030517578,12165356
2026-01-30,254.5,257.6000061035156,249.5500030517578,253.0,13448707
2026-02-02,244.1000061035156,245.3000030517578,237.0,242.3999938964844,17248818
2026-02-03,263.8999938964844,267.0,256.95001220703125,260.04998779296875,40223294
2026-02-04,268.0,269.8999938964844,263.95001220703125,265.0,14556924
2026-02-05,269.95001220703125,271.6499938964844,267.5,268.1000061035156,15768740
2026-02-06,268.1000061035156,270.3999938964844,266.5,269.95001220703125,8939766
2026-02-09,269.25,271.3999938964844,268.75,270.54998779296875,8211716
2026-02-10,270.20001220703125,274.3500061035156,269.0,270.0,12632673
2026-02-11,270.29998779296875,271.6000061035156,268.29998779296875,271.0,6544008
2026-02-12,267.54998779296875,270.1000061035156,266.70001220703125,270.0,8681589
2026-02-13,263.95001220703125,267.25,262.8500061035156,265.0,12222314
2026-02-16,262.54998779296875,263.25,259.54998779296875,262.04998779296875,13826571
2026-02-17,262.29998779296875,264.20001220703125,260.8999938964844,262.3999938964844,7407032
2026-02-18,264.1000061035156,264.5,261.75,263.0,9451007
2026-02-19,258.6000061035156,265.54998779296875,257.3500061035156,264.1000061035156,8482281
2026-02-20,258.6000061035156,260.75,257.54998779296875,258.1000061035156,11215176
2026-02-23,257.79998779296875,260.3999938964844,256.1499938964844,260.0,9454337
2026-02-24,255.25,257.20001220703125,253.1999969482422,257.20001220703125,10953963
2026-02-25,256.95001220703125,259.45001220703125,255.6499938964844,257.04998779296875,8837176
2026-02-26,256.1499938964844,258.8500061035156,255.3500061035156,257.5,8691253
2026-02-27,255.3999938964844,259.20001220703125,254.6499938964844,257.0,13283249
2026-03-02,249.0,252.3500061035156,243.5500030517578,246.5500030517578,18412891
2026-03-04,241.3000030517578,245.3999938964844,239.8000030517578,245.0,13886010
2026-03-05,243.1000061035156,244.25,237.75,243.5,13760060
2026-03-06,239.3500061035156,243.4499969482422,238.8999938964844,242.1999969482422,12566465
2026-03-09,232.25,233.9499969482422,226.3000030517578,233.9499969482422,19524751
2026-03-10,236.0,237.5500030517578,231.3500061035156,236.9499969482422,23126145
2026-03-11,238.6999969482422,242.8000030517578,237.5,237.8999938964844,16495797
2026-03-12,242.1999969482422,245.3999938964844,234.0,237.3999938964844,18865160
2026-03-13,235.25,240.6000061035156,234.25,240.0,13328248
2026-03-16,234.3500061035156,238.0,230.6999969482422,235.0,14936668
2026-03-17,237.6000061035156,238.6999969482422,234.3500061035156,235.0,10638093
2026-03-18,248.1999969482422,250.5,237.9499969482422,238.8999938964844,19579987
2026-03-19,239.4499969482422,244.8500061035156,237.6000061035156,242.9499969482422,15046012
2026-03-20,239.3000030517578,244.25,238.6000061035156,242.0,15021105
2026-03-23,226.1000061035156,236.3000030517578,225.3999938964844,236.1999969482422,21172068
2026-03-24,232.6999969482422,234.0,227.75,232.8500061035156,16119867
2026-03-25,237.3500061035156,241.0,234.75,235.0,15684548
2026-03-27,232.5500030517578,236.5,231.5500030517578,236.0,19784233
2026-03-30,224.1000061035156,231.5,223.3000030517578,228.8999938964844,25943393
2026-04-01,231.92999267578125,233.0399932861328,228.0,233.0399932861328,21603793
2026-04-02,229.47999572753903,230.13999938964844,223.5500030517578,227.8500061035156,18541635
2026-04-06,235.3099975585937,236.0,226.1000061035156,230.8000030517578,16036376
2026-04-07,235.3300018310547,236.0,231.7700042724609,233.1000061035156,13783445
2026-04-08,246.8600006103516,248.1000061035156,242.1499938964844,245.1000061035156,19911975
2026-04-09,238.83999633789065,246.0,236.6999969482422,246.0,21124622
2026-04-10,243.1999969482422,243.8000030517578,240.0,240.6999969482422,12039959
2026-04-13,237.67999267578125,238.3099975585937,235.259994506836,237.0,15386126
2026-04-15,242.66000366210932,244.25,241.509994506836,242.5,20476591
2026-04-16,241.2700042724609,245.0,238.0200042724609,244.5,26180404
2026-04-17,243.8600006103516,245.5,240.63999938964844,242.0200042724609,51452527
2026-04-20,237.1499938964844,242.009994506836,234.5,242.0,38415130
2026-04-21,234.75,237.6000061035156,234.1000061035156,237.2700042724609,46344616
2026-04-22,238.509994506836,241.1499938964844,234.5500030517578,234.6999969482422,40251825
2026-04-23,248.66000366210932,251.6999969482422,238.5399932861328,240.0,74432271
2026-04-24,245.72999572753903,253.1999969482422,244.1000061035156,252.0,32701729
2026-04-27,253.63999938964844,254.6999969482422,247.0200042724609,247.1000061035156,25870371
2026-04-28,250.8099975585937,256.0,249.52999877929688,255.5,21934246
2026-04-29,250.7100067138672,257.0,250.02999877929688,252.1100006103516,22455886
2026-04-30,246.3699951171875,250.0,243.1100006103516,250.0,20595815
2026-05-01,246.3699951171875,246.3699951171875,246.3699951171875,246.3699951171875,0
2026-05-04,252.7400054931641,254.0,247.8699951171875,248.0,17828741
2026-05-05,248.4499969482422,253.6999969482422,247.3000030517578,252.0,16205692
2026-05-06,252.44000244140625,252.9900054931641,249.1699981689453,251.0,14692193
2026-05-07,251.0200042724609,254.1499938964844,250.5,253.5,16948101
2026-05-08,249.33999633789065,251.4900054931641,248.3000030517578,250.97999572753903,11367680
2026-05-11,240.3300018310547,246.4499969482422,239.8000030517578,246.0,18858507
2026-05-12,230.47000122070312,239.9499969482422,229.259994506836,239.5399932861328,21663715
2026-05-13,231.4499969482422,234.0,229.1999969482422,231.0,13708347
2026-05-14,234.1300048828125,235.0,228.41000366210932,233.0,16545557
2026-05-15,233.0599975585937,235.9499969482422,232.58999633789065,234.8999938964844,10456724
2026-05-18,232.6300048828125,233.3300018310547,227.2100067138672,230.0,13156630
2026-05-19,233.27999877929688,236.1000061035156,232.3000030517578,232.6300048828125,9590375
2026-05-20,234.6699981689453,235.4600067138672,229.4199981689453,230.38999938964844,11303753
2026-05-21,235.77999877929688,238.3000030517578,235.0599975585937,236.5,12084486
2026-05-22,238.19000244140625,241.0,236.1100006103516,236.1100006103516,13517010
2026-05-25,241.7400054931641,243.6499938964844,240.1999969482422,241.0,9813693
2026-05-26,240.6699981689453,243.6999969482422,240.009994506836,241.38999938964844,10437883
2026-05-27,242.88999938964844,243.8600006103516,240.7100067138672,241.0,9140875
2026-05-28,242.88999938964844,242.88999938964844,242.88999938964844,242.88999938964844,0
2026-05-29,238.9499969482422,245.1499938964844,238.0500030517578,244.0,22534996
2026-06-01,234.9499969482422,240.6999969482422,234.3000030517578,239.9900054931641,10854238
2026-06-02,237.63999938964844,238.5,232.259994506836,233.75,10183097
2026-06-03,235.02999877929688,237.3999938964844,231.58999633789065,237.3999938964844,12256871
2026-06-04,235.7400054931641,237.6999969482422,233.6499938964844,234.5,9053339
2026-06-05,236.88999938964844,239.3000030517578,235.13999938964844,235.2899932861328,12186829
2026-06-08,228.8600006103516,234.2100067138672,227.67999267578125,233.0,13089712
2026-06-09,234.2100067138672,234.4900054931641,229.57000732421875,229.57000732421875,9959663
2026-06-10,230.1699981689453,234.9499969482422,229.5500030517578,234.1999969482422,8453644
2026-06-11,228.0200042724609,229.8800048828125,227.0,229.6499938964844,11664899
2026-06-12,235.88999938964844,236.5,230.0,230.8999938964844,12744670
2026-06-15,239.5200042724609,243.69000244140625,239.0399932861328,241.5,18199317
2026-06-16,241.9499969482422,243.32000732421875,239.8600006103516,240.0500030517578,15505756
2026-06-17,242.97999572753903,244.7400054931641,241.22000122070312,242.1999969482422,10009881
2026-06-18,244.1000061035156,245.0,242.5,242.97999572753903,9457087
2026-06-19,244.4499969482422,246.8500061035156,242.02999877929688,244.0,22160659
2026-06-22,243.3800048828125,246.3999938964844,243.009994506836,245.0,8096383
2026-06-23,237.8099975585937,244.19000244140625,237.1999969482422,244.0,11177956
2026-06-24,238.8699951171875,239.75,235.3000030517578,237.759994506836,9540112
2026-06-25,239.42999267578125,241.92999267578125,238.5,240.0500030517578,8663156
2026-06-26,239.42999267578125,239.42999267578125,239.42999267578125,239.42999267578125,0
2026-06-29,236.7100067138672,239.1999969482422,235.9199981689453,239.0,9229023
2026-06-30,236.44000244140625,238.32000732421875,235.259994506836,237.0,9951114
2026-07-01,240.009994506836,240.759994506836,236.5,236.759994506836,7959631
2026-07-02,239.72999572753903,240.7899932861328,238.8300018310547,240.009994506836,5834832
2026-07-03,239.3500061035156,242.1999969482422,238.8600006103516,241.0500030517578,8863322
2026-07-06,240.0,240.6699981689453,238.1000061035156,239.1999969482422,9664713
2026-07-07,243.07000732421875,245.25,239.4499969482422,239.9499969482422,23069644
2026-07-08,229.9900054931641,242.0,229.0,242.0,37304617
2026-07-09,233.3699951171875,234.22000122070312,230.7700042724609,231.0,11583829
2026-07-10,241.9600067138672,243.5,233.9499969482422,235.0,27714158
2026-07-13,241.41000366210932,243.47999572753903,239.3500061035156,239.8000030517578,13432355
2026-07-14,235.97000122070312,239.88999938964844,235.1999969482422,239.6999969482422,10014430
2026-07-15,236.58999633789065,238.5,235.3500061035156,237.1999969482422,9708543
2026-07-16,235.6499938964844,237.91000366210932,234.1000061035156,237.77999877929688,9649365
2026-07-17,242.97999572753903,249.9499969482422,242.0,247.5,95978862
2026-07-20,238.9199981689453,243.1100006103516,238.1000061035156,243.0,19257829
2026-07-21,240.02999877929688,241.1999969482422,236.7100067138672,239.47999572753903,17460387
2026-07-22,234.8000030517578,241.44000244140625,234.19000244140625,239.3600006103516,17633281
2026-07-23,233.16000366210932,235.77999877929688,232.3500061035156,234.0,9274393
2026-07-24,234.7100067138672,235.47999572753903,231.2100067138672,232.0,10217898
2026-07-27,236.1699981689453,237.3999938964844,235.259994506836,237.0,6984152
2026-07-28,237.0800018310547,239.2100067138672,235.509994506836,236.0,11263195
2026-07-29,249.47999572753903,253.8999938964844,237.509994506836,238.0,48984683
2026-07-30,246.9499969482422,249.8999938964844,245.1000061035156,248.75,15570324
2026-07-31,256.4599914550781,257.0599975585937,247.0,247.5,42840807
2026-08-03,263.0,266.95001220703125,256.29998779296875,260.0,36582683
2026-08-04,265.0,266.6000061035156,261.8999938964844,264.0,24776731
2026-08-05,261.95001220703125,268.20001220703125,260.70001220703125,266.6499938964844,19828927
2026-08-06,263.1000061035156,266.3500061035156,260.29998779296875,262.20001220703125,15775224
2026-08-07,256.79998779296875,263.3999938964844,256.79998779296875,263.1000061035156,10858220
2026-08-10,254.0,257.8500061035156,253.5500030517578,256.79998779296875,9861960
2026-08-11,252.75,254.0,252.0,253.8999938964844,6019790
2026-08-12,256.04998779296875,256.04998779296875,249.0,252.75,13290344
2026-08-13,255.6000061035156,263.3999938964844,254.0,261.95001220703125,48657061
2026-08-14,249.0500030517578,255.6000061035156,249.0500030517578,255.6000061035156,16541508
2026-08-17,249.75,249.8999938964844,245.75,249.0500030517578,11490495
2026-08-18,245.8000030517578,248.8999938964844,245.8000030517578,248.8999938964844,9238709
2026-08-19,243.1499938964844,246.3000030517578,241.5,245.8000030517578,9712757
2026-08-20,244.6000061035156,247.25,243.75,244.0,8819149
2026-08-21,244.0,245.8000030517578,243.5,244.3000030517578,5583469
2026-08-24,242.0,245.3500061035156,242.0,244.5500030517578,6651365
2026-08-25,243.1499938964844,243.1499938964844,240.3999938964844,242.0,9800689
2026-08-26,241.0,245.0,241.0,244.1499938964844,6814531
2026-08-27,238.1000061035156,242.6499938964844,238.1000061035156,242.0,7638222
2026-08-28,238.3999938964844,240.0,237.6000061035156,238.6000061035156,7137422
2026-08-31,241.35000610351562,241.35000610351562,235.5,238.0,22007832
2026-09-01,235.85000610351562,240.00999450683594,235.00999450683594,240.0,10397855
2026-09-02,236.89999389648438,237.39999389648438,232.3000030517578,234.0,15926208
2026-09-03,237.4499969482422,240.47999572753906,236.39999389648438,236.89999389648438,9293803
2026-09-04,239.5,240.6300048828125,237.8000030517578,237.8000030517578,11860254
2026-09-08,233.14999389648438,234.75,232.60000610351562,234.75,8934543
2026-09-09,231.0,232.97000122070312,230.6300048828125,232.5,10774282
2026-09-10,230.25,232.27000427246094,229.10000610351562,230.82000732421875,8980169
2026-09-11,229.89999389648438,231.3699951171875,226.44000244140625,228.6999969482422,22102551
2026-09-14,229.89999389648438,229.89999389648438,229.89999389648438,229.89999389648438,0
2026-09-15,225.60000610351562,231.8000030517578,225.60000610351562,230.5,13273805
2026-09-16,224.83999633789062,228.22000122070312,224.83999633789062,226.5,11926382
2026-09-17,229.3000030517578,230.36000061035156,225.0,225.0,12303050
2026-09-18,230.9499969482422,232.0,229.89999389648438,230.0,4698771
