as_of,instrument,spot,expiry,strike,tradingsymbol,bid,ask,ltp
2026-10-04,AXISBANK,1217.1,2026-10-27,1210.0,AXISBANK26OCT1210PE,24.5,24.5,24.5
2026-10-04,AXISBANK,1217.1,2026-10-27,1200.0,AXISBANK26OCT1200PE,20.75,20.75,20.75
2026-10-04,AXISBANK,1217.1,2026-10-27,1190.0,AXISBANK26OCT1190PE,17.45,17.45,17.45
2026-10-04,AXISBANK,1217.1,2026-10-27,1180.0,AXISBANK26OCT1180PE,14.65,14.65,14.65
2026-10-04,AXISBANK,1217.1,2026-10-27,1170.0,AXISBANK26OCT1170PE,12.25,12.25,12.25
2026-10-04,AXISBANK,1217.1,2026-10-27,1160.0,AXISBANK26OCT1160PE,10.1,10.1,10.1
2026-10-04,AXISBANK,1217.1,2026-10-27,1150.0,AXISBANK26OCT1150PE,8.3,8.3,8.3
2026-10-04,AXISBANK,1217.1,2026-10-27,1140.0,AXISBANK26OCT1140PE,7.1,7.1,7.1
2026-10-04,AXISBANK,1217.1,2026-10-27,1130.0,AXISBANK26OCT1130PE,5.8,5.8,5.8
2026-10-04,AXISBANK,1217.1,2026-10-27,1120.0,AXISBANK26OCT1120PE,4.8,4.8,4.8
2026-10-04,AXISBANK,1217.1,2026-10-27,1110.0,AXISBANK26OCT1110PE,3.8,3.8,3.8
2026-10-04,AXISBANK,1217.1,2026-10-27,1100.0,AXISBANK26OCT1100PE,3.3,3.3,3.3
2026-10-04,AXISBANK,1217.1,2026-10-27,1090.0,AXISBANK26OCT1090PE,2.6,2.6,2.6
2026-10-04,AXISBANK,1217.1,2026-10-27,1080.0,AXISBANK26OCT1080PE,2.25,2.25,2.25
2026-10-04,AXISBANK,1217.1,2026-10-27,1060.0,AXISBANK26OCT1060PE,1.6,1.6,1.6
2026-10-04,AXISBANK,1217.1,2026-10-27,1040.0,AXISBANK26OCT1040PE,1.2,1.2,1.2
2026-10-04,AXISBANK,1217.1,2026-10-27,1020.0,AXISBANK26OCT1020PE,0.95,0.95,0.95
2026-10-04,AXISBANK,1217.1,2026-10-27,1000.0,AXISBANK26OCT1000PE,0.7,0.7,0.7
2026-10-04,BAJFINANCE,948.3,2026-10-27,940.0,BAJFINANCE26OCT940PE,20.85,20.85,20.85
2026-10-04,BAJFINANCE,948.3,2026-10-27,930.0,BAJFINANCE26OCT930PE,18.2,18.2,18.2
2026-10-04,BAJFINANCE,948.3,2026-10-27,920.0,BAJFINANCE26OCT920PE,14.65,14.65,14.65
2026-10-04,BAJFINANCE,948.3,2026-10-27,910.0,BAJFINANCE26OCT910PE,12.4,12.4,12.4
2026-10-04,BAJFINANCE,948.3,2026-10-27,900.0,BAJFINANCE26OCT900PE,9.85,9.85,9.85
2026-10-04,BAJFINANCE,948.3,2026-10-27,890.0,BAJFINANCE26OCT890PE,8.2,8.2,8.2
2026-10-04,BAJFINANCE,948.3,2026-10-27,880.0,BAJFINANCE26OCT880PE,6.65,6.65,6.65
2026-10-04,BAJFINANCE,948.3,2026-10-27,870.0,BAJFINANCE26OCT870PE,5.35,5.35,5.35
2026-10-04,BAJFINANCE,948.3,2026-10-27,860.0,BAJFINANCE26OCT860PE,4.15,4.15,4.15
2026-10-04,BAJFINANCE,948.3,2026-10-27,850.0,BAJFINANCE26OCT850PE,3.4,3.4,3.4
2026-10-04,BAJFINANCE,948.3,2026-10-27,840.0,BAJFINANCE26OCT840PE,2.75,2.75,2.75
2026-10-04,BAJFINANCE,948.3,2026-10-27,820.0,BAJFINANCE26OCT820PE,2.0,2.0,2
2026-10-04,BAJFINANCE,948.3,2026-10-27,800.0,BAJFINANCE26OCT800PE,1.65,1.65,1.65
2026-10-04,BPCL,300.6,2026-10-27,300.0,BPCL26OCT300PE,6.75,6.75,6.75
2026-10-04,BPCL,300.6,2026-10-27,295.0,BPCL26OCT295PE,4.8,4.8,4.8
2026-10-04,BPCL,300.6,2026-10-27,290.0,BPCL26OCT290PE,3.45,3.45,3.45
2026-10-04,BPCL,300.6,2026-10-27,285.0,BPCL26OCT285PE,2.5,2.5,2.5
2026-10-04,BPCL,300.6,2026-10-27,280.0,BPCL26OCT280PE,1.95,1.95,1.95
2026-10-04,BPCL,300.6,2026-10-27,275.0,BPCL26OCT275PE,1.4,1.4,1.4
2026-10-04,BPCL,300.6,2026-10-27,270.0,BPCL26OCT270PE,0.9,0.9,0.9
2026-10-04,BPCL,300.6,2026-10-27,260.0,BPCL26OCT260PE,0.5,0.5,0.5
2026-10-04,BPCL,300.6,2026-10-27,250.0,BPCL26OCT250PE,1.8,1.8,1.8
2026-10-04,HCLTECH,1243.1,2026-10-27,1240.0,HCLTECH26OCT1240PE,46.0,46.0,46
2026-10-04,HCLTECH,1243.1,2026-10-27,1230.0,HCLTECH26OCT1230PE,40.75,40.75,40.75
2026-10-04,HCLTECH,1243.1,2026-10-27,1220.0,HCLTECH26OCT1220PE,36.3,36.3,36.3
2026-10-04,HCLTECH,1243.1,2026-10-27,1210.0,HCLTECH26OCT1210PE,31.8,31.8,31.8
2026-10-04,HCLTECH,1243.1,2026-10-27,1200.0,HCLTECH26OCT1200PE,28.85,28.85,28.85
2026-10-04,HCLTECH,1243.1,2026-10-27,1190.0,HCLTECH26OCT1190PE,25.55,25.55,25.55
2026-10-04,HCLTECH,1243.1,2026-10-27,1180.0,HCLTECH26OCT1180PE,22.4,22.4,22.4
2026-10-04,HCLTECH,1243.1,2026-10-27,1170.0,HCLTECH26OCT1170PE,19.65,19.65,19.65
2026-10-04,HCLTECH,1243.1,2026-10-27,1160.0,HCLTECH26OCT1160PE,17.05,17.05,17.05
2026-10-04,HCLTECH,1243.1,2026-10-27,1150.0,HCLTECH26OCT1150PE,14.8,14.8,14.8
2026-10-04,HCLTECH,1243.1,2026-10-27,1140.0,HCLTECH26OCT1140PE,12.9,12.9,12.9
2026-10-04,HCLTECH,1243.1,2026-10-27,1130.0,HCLTECH26OCT1130PE,11.2,11.2,11.2
2026-10-04,HCLTECH,1243.1,2026-10-27,1120.0,HCLTECH26OCT1120PE,9.55,9.55,9.55
2026-10-04,HCLTECH,1243.1,2026-10-27,1110.0,HCLTECH26OCT1110PE,8.4,8.4,8.4
2026-10-04,HCLTECH,1243.1,2026-10-27,1100.0,HCLTECH26OCT1100PE,7.4,7.4,7.4
2026-10-04,HCLTECH,1243.1,2026-10-27,1080.0,HCLTECH26OCT1080PE,5.25,5.25,5.25
2026-10-04,HCLTECH,1243.1,2026-10-27,1060.0,HCLTECH26OCT1060PE,3.9,3.9,3.9
2026-10-04,HCLTECH,1243.1,2026-10-27,1040.0,HCLTECH26OCT1040PE,3.0,3.0,3
2026-10-04,HDFCBANK,721.2,2026-10-27,720.0,HDFCBANK26OCT720PE,17.35,17.35,17.35
2026-10-04,HDFCBANK,721.2,2026-10-27,710.0,HDFCBANK26OCT710PE,13.35,13.35,13.35
2026-10-04,HDFCBANK,721.2,2026-10-27,700.0,HDFCBANK26OCT700PE,10.1,10.1,10.1
2026-10-04,HDFCBANK,721.2,2026-10-27,690.0,HDFCBANK26OCT690PE,7.7,7.7,7.7
2026-10-04,HDFCBANK,721.2,2026-10-27,680.0,HDFCBANK26OCT680PE,5.85,5.85,5.85
2026-10-04,HDFCBANK,721.2,2026-10-27,670.0,HDFCBANK26OCT670PE,4.35,4.35,4.35
2026-10-04,HDFCBANK,721.2,2026-10-27,660.0,HDFCBANK26OCT660PE,3.25,3.25,3.25
2026-10-04,HDFCBANK,721.2,2026-10-27,650.0,HDFCBANK26OCT650PE,2.45,2.45,2.45
2026-10-04,HDFCBANK,721.2,2026-10-27,640.0,HDFCBANK26OCT640PE,1.75,1.75,1.75
2026-10-04,HDFCBANK,721.2,2026-10-27,630.0,HDFCBANK26OCT630PE,1.3,1.3,1.3
2026-10-04,HDFCBANK,721.2,2026-10-27,620.0,HDFCBANK26OCT620PE,1.1,1.1,1.1
2026-10-04,HDFCBANK,721.2,2026-10-27,610.0,HDFCBANK26OCT610PE,0.9,0.9,0.9
2026-10-04,HDFCBANK,721.2,2026-10-27,600.0,HDFCBANK26OCT600PE,0.75,0.75,0.75
2026-10-04,HDFCBANK,721.2,2026-10-27,580.0,HDFCBANK26OCT580PE,0.4,0.4,0.4
2026-10-04,ICICIBANK,1310.6,2026-10-27,1310.0,ICICIBANK26OCT1310PE,25.5,25.5,25.5
2026-10-04,ICICIBANK,1310.6,2026-10-27,1300.0,ICICIBANK26OCT1300PE,21.65,21.65,21.65
2026-10-04,ICICIBANK,1310.6,2026-10-27,1290.0,ICICIBANK26OCT1290PE,18.15,18.15,18.15
2026-10-04,ICICIBANK,1310.6,2026-10-27,1280.0,ICICIBANK26OCT1280PE,15.25,15.25,15.25
2026-10-04,ICICIBANK,1310.6,2026-10-27,1270.0,ICICIBANK26OCT1270PE,12.7,12.7,12.7
2026-10-04,ICICIBANK,1310.6,2026-10-27,1260.0,ICICIBANK26OCT1260PE,10.35,10.35,10.35
2026-10-04,ICICIBANK,1310.6,2026-10-27,1250.0,ICICIBANK26OCT1250PE,8.75,8.75,8.75
2026-10-04,ICICIBANK,1310.6,2026-10-27,1240.0,ICICIBANK26OCT1240PE,7.2,7.2,7.2
2026-10-04,ICICIBANK,1310.6,2026-10-27,1230.0,ICICIBANK26OCT1230PE,6.1,6.1,6.1
2026-10-04,ICICIBANK,1310.6,2026-10-27,1220.0,ICICIBANK26OCT1220PE,5.0,5.0,5
2026-10-04,ICICIBANK,1310.6,2026-10-27,1210.0,ICICIBANK26OCT1210PE,4.25,4.25,4.25
2026-10-04,ICICIBANK,1310.6,2026-10-27,1200.0,ICICIBANK26OCT1200PE,3.6,3.6,3.6
2026-10-04,ICICIBANK,1310.6,2026-10-27,1190.0,ICICIBANK26OCT1190PE,2.95,2.95,2.95
2026-10-04,ICICIBANK,1310.6,2026-10-27,1180.0,ICICIBANK26OCT1180PE,2.5,2.5,2.5
2026-10-04,ICICIBANK,1310.6,2026-10-27,1170.0,ICICIBANK26OCT1170PE,2.2,2.2,2.2
2026-10-04,ICICIBANK,1310.6,2026-10-27,1160.0,ICICIBANK26OCT1160PE,1.9,1.9,1.9
2026-10-04,ICICIBANK,1310.6,2026-10-27,1140.0,ICICIBANK26OCT1140PE,1.45,1.45,1.45
2026-10-04,ICICIBANK,1310.6,2026-10-27,1120.0,ICICIBANK26OCT1120PE,1.15,1.15,1.15
2026-10-04,ICICIBANK,1310.6,2026-10-27,1100.0,ICICIBANK26OCT1100PE,0.9,0.9,0.9
2026-10-04,INFY,1035.0,2026-10-27,1020.0,INFY26OCT1020PE,32.05,32.05,32.05
2026-10-04,INFY,1035.0,2026-10-27,1000.0,INFY26OCT1000PE,24.1,24.1,24.1
2026-10-04,INFY,1035.0,2026-10-27,980.0,INFY26OCT980PE,18.05,18.05,18.05
2026-10-04,INFY,1035.0,2026-10-27,960.0,INFY26OCT960PE,13.2,13.2,13.2
2026-10-04,INFY,1035.0,2026-10-27,940.0,INFY26OCT940PE,9.55,9.55,9.55
2026-10-04,INFY,1035.0,2026-10-27,920.0,INFY26OCT920PE,6.85,6.85,6.85
2026-10-04,INFY,1035.0,2026-10-27,900.0,INFY26OCT900PE,4.85,4.85,4.85
2026-10-04,INFY,1035.0,2026-10-27,880.0,INFY26OCT880PE,3.55,3.55,3.55
2026-10-04,INFY,1035.0,2026-10-27,840.0,INFY26OCT840PE,1.85,1.85,1.85
2026-10-04,KOTAKBANK,418.35,2026-10-27,415.0,KOTAKBANK26OCT415PE,6.75,6.75,6.75
2026-10-04,KOTAKBANK,418.35,2026-10-27,410.0,KOTAKBANK26OCT410PE,5.15,5.15,5.15
2026-10-04,KOTAKBANK,418.35,2026-10-27,405.0,KOTAKBANK26OCT405PE,4.0,4.0,4
2026-10-04,KOTAKBANK,418.35,2026-10-27,400.0,KOTAKBANK26OCT400PE,2.95,2.95,2.95
2026-10-04,KOTAKBANK,418.35,2026-10-27,395.0,KOTAKBANK26OCT395PE,2.25,2.25,2.25
2026-10-04,KOTAKBANK,418.35,2026-10-27,390.0,KOTAKBANK26OCT390PE,1.7,1.7,1.7
2026-10-04,KOTAKBANK,418.35,2026-10-27,385.0,KOTAKBANK26OCT385PE,1.45,1.45,1.45
2026-10-04,KOTAKBANK,418.35,2026-10-27,380.0,KOTAKBANK26OCT380PE,1.0,1.0,1
2026-10-04,KOTAKBANK,418.35,2026-10-27,375.0,KOTAKBANK26OCT375PE,0.75,0.75,0.75
2026-10-04,KOTAKBANK,418.35,2026-10-27,370.0,KOTAKBANK26OCT370PE,0.65,0.65,0.65
2026-10-04,KOTAKBANK,418.35,2026-10-27,365.0,KOTAKBANK26OCT365PE,0.4,0.4,0.4
2026-10-04,KOTAKBANK,418.35,2026-10-27,360.0,KOTAKBANK26OCT360PE,0.4,0.4,0.4
2026-10-04,KOTAKBANK,418.35,2026-10-27,350.0,KOTAKBANK26OCT350PE,0.3,0.3,0.3
2026-10-04,KOTAKBANK,418.35,2026-10-27,340.0,KOTAKBANK26OCT340PE,0.25,0.25,0.25
2026-10-04,LT,3693.4,2026-10-27,3650.0,LT26OCT3650PE,60.45,60.45,60.45
2026-10-04,LT,3693.4,2026-10-27,3600.0,LT26OCT3600PE,45.85,45.85,45.85
2026-10-04,LT,3693.4,2026-10-27,3550.0,LT26OCT3550PE,33.05,33.05,33.05
2026-10-04,LT,3693.4,2026-10-27,3500.0,LT26OCT3500PE,24.05,24.05,24.05
2026-10-04,LT,3693.4,2026-10-27,3450.0,LT26OCT3450PE,18.0,18.0,18
2026-10-04,LT,3693.4,2026-10-27,3400.0,LT26OCT3400PE,12.9,12.9,12.9
2026-10-04,LT,3693.4,2026-10-27,3350.0,LT26OCT3350PE,9.6,9.6,9.6
2026-10-04,LT,3693.4,2026-10-27,3300.0,LT26OCT3300PE,7.6,7.6,7.6
2026-10-04,LT,3693.4,2026-10-27,3200.0,LT26OCT3200PE,4.6,4.6,4.6
2026-10-04,LT,3693.4,2026-10-27,3100.0,LT26OCT3100PE,17.85,17.85,17.85
2026-10-04,MM,2860.0,2026-10-27,2850.0,M&M26OCT2850PE,69.4,69.4,69.4
2026-10-04,MM,2860.0,2026-10-27,2800.0,M&M26OCT2800PE,48.45,48.45,48.45
2026-10-04,MM,2860.0,2026-10-27,2750.0,M&M26OCT2750PE,33.0,33.0,33
2026-10-04,MM,2860.0,2026-10-27,2700.0,M&M26OCT2700PE,22.85,22.85,22.85
2026-10-04,MM,2860.0,2026-10-27,2650.0,M&M26OCT2650PE,15.4,15.4,15.4
2026-10-04,MM,2860.0,2026-10-27,2600.0,M&M26OCT2600PE,10.65,10.65,10.65
2026-10-04,MM,2860.0,2026-10-27,2500.0,M&M26OCT2500PE,5.55,5.55,5.55
2026-10-04,MM,2860.0,2026-10-27,2400.0,M&M26OCT2400PE,5.65,5.65,5.65
2026-10-04,NTPC,315.1,2026-10-27,315.0,NTPC26OCT315PE,5.7,5.7,5.7
2026-10-04,NTPC,315.1,2026-10-27,312.5,NTPC26OCT312.5PE,4.75,4.75,4.75
2026-10-04,NTPC,315.1,2026-10-27,310.0,NTPC26OCT310PE,3.65,3.65,3.65
2026-10-04,NTPC,315.1,2026-10-27,307.5,NTPC26OCT307.5PE,2.1,2.1,2.1
2026-10-04,NTPC,315.1,2026-10-27,305.0,NTPC26OCT305PE,2.45,2.45,2.45
2026-10-04,NTPC,315.1,2026-10-27,302.5,NTPC26OCT302.5PE,2.0,2.0,2
2026-10-04,NTPC,315.1,2026-10-27,300.0,NTPC26OCT300PE,1.65,1.65,1.65
2026-10-04,NTPC,315.1,2026-10-27,297.5,NTPC26OCT297.5PE,1.35,1.35,1.35
2026-10-04,NTPC,315.1,2026-10-27,295.0,NTPC26OCT295PE,0.85,0.85,0.85
2026-10-04,NTPC,315.1,2026-10-27,292.5,NTPC26OCT292.5PE,0.9,0.9,0.9
2026-10-04,NTPC,315.1,2026-10-27,290.0,NTPC26OCT290PE,0.8,0.8,0.8
2026-10-04,NTPC,315.1,2026-10-27,285.0,NTPC26OCT285PE,0.55,0.55,0.55
2026-10-04,NTPC,315.1,2026-10-27,280.0,NTPC26OCT280PE,0.45,0.45,0.45
2026-10-04,NTPC,315.1,2026-10-27,275.0,NTPC26OCT275PE,0.25,0.25,0.25
2026-10-04,NTPC,315.1,2026-10-27,270.0,NTPC26OCT270PE,0.25,0.25,0.25
2026-10-04,ONGC,222.37,2026-10-27,220.0,ONGC26OCT220PE,3.49,3.49,3.49
2026-10-04,ONGC,222.37,2026-10-27,217.5,ONGC26OCT217.5PE,2.67,2.67,2.67
2026-10-04,ONGC,222.37,2026-10-27,215.0,ONGC26OCT215PE,1.97,1.97,1.97
2026-10-04,ONGC,222.37,2026-10-27,212.5,ONGC26OCT212.5PE,1.47,1.47,1.47
2026-10-04,ONGC,222.37,2026-10-27,210.0,ONGC26OCT210PE,1.08,1.08,1.08
2026-10-04,ONGC,222.37,2026-10-27,207.5,ONGC26OCT207.5PE,0.81,0.81,0.81
2026-10-04,ONGC,222.37,2026-10-27,205.0,ONGC26OCT205PE,0.6,0.6,0.6
2026-10-04,ONGC,222.37,2026-10-27,202.5,ONGC26OCT202.5PE,0.47,0.47,0.47
2026-10-04,ONGC,222.37,2026-10-27,200.0,ONGC26OCT200PE,0.35,0.35,0.35
2026-10-04,ONGC,222.37,2026-10-27,195.0,ONGC26OCT195PE,0.21,0.21,0.21
2026-10-04,POWERGRID,254.55,2026-10-27,252.5,POWERGRID26OCT252.5PE,3.65,3.65,3.65
2026-10-04,POWERGRID,254.55,2026-10-27,250.0,POWERGRID26OCT250PE,2.75,2.75,2.75
2026-10-04,POWERGRID,254.55,2026-10-27,247.5,POWERGRID26OCT247.5PE,2.05,2.05,2.05
2026-10-04,POWERGRID,254.55,2026-10-27,245.0,POWERGRID26OCT245PE,1.65,1.65,1.65
2026-10-04,POWERGRID,254.55,2026-10-27,242.5,POWERGRID26OCT242.5PE,1.25,1.25,1.25
2026-10-04,POWERGRID,254.55,2026-10-27,240.0,POWERGRID26OCT240PE,0.85,0.85,0.85
2026-10-04,POWERGRID,254.55,2026-10-27,237.5,POWERGRID26OCT237.5PE,0.6,0.6,0.6
2026-10-04,POWERGRID,254.55,2026-10-27,235.0,POWERGRID26OCT235PE,0.55,0.55,0.55
2026-10-04,POWERGRID,254.55,2026-10-27,230.0,POWERGRID26OCT230PE,0.3,0.3,0.3
2026-10-04,POWERGRID,254.55,2026-10-27,225.0,POWERGRID26OCT225PE,0.4,0.4,0.4
2026-10-04,POWERGRID,254.55,2026-10-27,220.0,POWERGRID26OCT220PE,0.2,0.2,0.2
2026-10-04,POWERGRID,254.55,2026-10-27,215.0,POWERGRID26OCT215PE,0.2,0.2,0.2
2026-10-04,RELIANCE,1167.7,2026-10-27,1160.0,RELIANCE26OCT1160PE,23.3,23.3,23.3
2026-10-04,RELIANCE,1167.7,2026-10-27,1150.0,RELIANCE26OCT1150PE,19.45,19.45,19.45
2026-10-04,RELIANCE,1167.7,2026-10-27,1140.0,RELIANCE26OCT1140PE,15.9,15.9,15.9
2026-10-04,RELIANCE,1167.7,2026-10-27,1130.0,RELIANCE26OCT1130PE,13.1,13.1,13.1
2026-10-04,RELIANCE,1167.7,2026-10-27,1120.0,RELIANCE26OCT1120PE,10.65,10.65,10.65
2026-10-04,RELIANCE,1167.7,2026-10-27,1110.0,RELIANCE26OCT1110PE,8.6,8.6,8.6
2026-10-04,RELIANCE,1167.7,2026-10-27,1100.0,RELIANCE26OCT1100PE,7.05,7.05,7.05
2026-10-04,RELIANCE,1167.7,2026-10-27,1090.0,RELIANCE26OCT1090PE,5.55,5.55,5.55
2026-10-04,RELIANCE,1167.7,2026-10-27,1080.0,RELIANCE26OCT1080PE,4.4,4.4,4.4
2026-10-04,RELIANCE,1167.7,2026-10-27,1070.0,RELIANCE26OCT1070PE,3.5,3.5,3.5
2026-10-04,RELIANCE,1167.7,2026-10-27,1060.0,RELIANCE26OCT1060PE,2.8,2.8,2.8
2026-10-04,RELIANCE,1167.7,2026-10-27,1040.0,RELIANCE26OCT1040PE,1.8,1.8,1.8
2026-10-04,RELIANCE,1167.7,2026-10-27,1020.0,RELIANCE26OCT1020PE,1.2,1.2,1.2
2026-10-04,RELIANCE,1167.7,2026-10-27,1000.0,RELIANCE26OCT1000PE,0.9,0.9,0.9
2026-10-04,SBIN,954.1,2026-10-27,950.0,SBIN26OCT950PE,17.25,17.25,17.25
2026-10-04,SBIN,954.1,2026-10-27,940.0,SBIN26OCT940PE,13.45,13.45,13.45
2026-10-04,SBIN,954.1,2026-10-27,930.0,SBIN26OCT930PE,10.5,10.5,10.5
2026-10-04,SBIN,954.1,2026-10-27,920.0,SBIN26OCT920PE,8.1,8.1,8.1
2026-10-04,SBIN,954.1,2026-10-27,910.0,SBIN26OCT910PE,6.25,6.25,6.25
2026-10-04,SBIN,954.1,2026-10-27,900.0,SBIN26OCT900PE,4.75,4.75,4.75
2026-10-04,SBIN,954.1,2026-10-27,890.0,SBIN26OCT890PE,3.65,3.65,3.65
2026-10-04,SBIN,954.1,2026-10-27,880.0,SBIN26OCT880PE,2.85,2.85,2.85
2026-10-04,SBIN,954.1,2026-10-27,870.0,SBIN26OCT870PE,2.15,2.15,2.15
2026-10-04,SBIN,954.1,2026-10-27,860.0,SBIN26OCT860PE,1.7,1.7,1.7
2026-10-04,SBIN,954.1,2026-10-27,840.0,SBIN26OCT840PE,1.0,1.0,1
2026-10-04,SBIN,954.1,2026-10-27,820.0,SBIN26OCT820PE,0.65,0.65,0.65
2026-10-04,SBIN,954.1,2026-10-27,800.0,SBIN26OCT800PE,0.5,0.5,0.5
2026-10-04,SUNPHARMA,1801.0,2026-10-27,1800.0,SUNPHARMA26OCT1800PE,28.0,28.0,28
2026-10-04,SUNPHARMA,1801.0,2026-10-27,1780.0,SUNPHARMA26OCT1780PE,21.0,21.0,21
2026-10-04,SUNPHARMA,1801.0,2026-10-27,1760.0,SUNPHARMA26OCT1760PE,15.85,15.85,15.85
2026-10-04,SUNPHARMA,1801.0,2026-10-27,1740.0,SUNPHARMA26OCT1740PE,11.0,11.0,11
2026-10-04,SUNPHARMA,1801.0,2026-10-27,1720.0,SUNPHARMA26OCT1720PE,8.05,8.05,8.05
2026-10-04,SUNPHARMA,1801.0,2026-10-27,1700.0,SUNPHARMA26OCT1700PE,5.95,5.95,5.95
2026-10-04,SUNPHARMA,1801.0,2026-10-27,1680.0,SUNPHARMA26OCT1680PE,4.2,4.2,4.2
2026-10-04,SUNPHARMA,1801.0,2026-10-27,1660.0,SUNPHARMA26OCT1660PE,2.8,2.8,2.8
2026-10-04,SUNPHARMA,1801.0,2026-10-27,1640.0,SUNPHARMA26OCT1640PE,1.5,1.5,1.5
2026-10-04,SUNPHARMA,1801.0,2026-10-27,1600.0,SUNPHARMA26OCT1600PE,1.4,1.4,1.4
2026-10-04,SUNPHARMA,1801.0,2026-10-27,1560.0,SUNPHARMA26OCT1560PE,1.6,1.6,1.6
2026-10-04,TATASTEEL,178.0,2026-10-27,177.5,TATASTEEL26OCT177.5PE,5.09,5.09,5.09
2026-10-04,TATASTEEL,178.0,2026-10-27,175.0,TATASTEEL26OCT175PE,3.96,3.96,3.96
2026-10-04,TATASTEEL,178.0,2026-10-27,172.5,TATASTEEL26OCT172.5PE,3.17,3.17,3.17
2026-10-04,TATASTEEL,178.0,2026-10-27,170.0,TATASTEEL26OCT170PE,2.44,2.44,2.44
2026-10-04,TATASTEEL,178.0,2026-10-27,167.5,TATASTEEL26OCT167.5PE,1.87,1.87,1.87
2026-10-04,TATASTEEL,178.0,2026-10-27,165.0,TATASTEEL26OCT165PE,1.41,1.41,1.41
2026-10-04,TATASTEEL,178.0,2026-10-27,162.5,TATASTEEL26OCT162.5PE,1.52,1.52,1.52
2026-10-04,TATASTEEL,178.0,2026-10-27,160.0,TATASTEEL26OCT160PE,0.85,0.85,0.85
2026-10-04,TATASTEEL,178.0,2026-10-27,155.0,TATASTEEL26OCT155PE,0.5,0.5,0.5
2026-10-04,TCS,2075.0,2026-10-27,2060.0,TCS26OCT2060PE,65.5,65.5,65.5
2026-10-04,TCS,2075.0,2026-10-27,2040.0,TCS26OCT2040PE,56.8,56.8,56.8
2026-10-04,TCS,2075.0,2026-10-27,2020.0,TCS26OCT2020PE,48.8,48.8,48.8
2026-10-04,TCS,2075.0,2026-10-27,2000.0,TCS26OCT2000PE,41.1,41.1,41.1
2026-10-04,TCS,2075.0,2026-10-27,1980.0,TCS26OCT1980PE,35.25,35.25,35.25
2026-10-04,TCS,2075.0,2026-10-27,1960.0,TCS26OCT1960PE,29.25,29.25,29.25
2026-10-04,TCS,2075.0,2026-10-27,1940.0,TCS26OCT1940PE,25.35,25.35,25.35
2026-10-04,TCS,2075.0,2026-10-27,1920.0,TCS26OCT1920PE,20.6,20.6,20.6
2026-10-04,TCS,2075.0,2026-10-27,1900.0,TCS26OCT1900PE,17.6,17.6,17.6
2026-10-04,TCS,2075.0,2026-10-27,1880.0,TCS26OCT1880PE,14.35,14.35,14.35
2026-10-04,TCS,2075.0,2026-10-27,1860.0,TCS26OCT1860PE,11.9,11.9,11.9
2026-10-04,TCS,2075.0,2026-10-27,1840.0,TCS26OCT1840PE,10.0,10.0,10
2026-10-04,TCS,2075.0,2026-10-27,1820.0,TCS26OCT1820PE,8.1,8.1,8.1
2026-10-04,TCS,2075.0,2026-10-27,1800.0,TCS26OCT1800PE,7.05,7.05,7.05
2026-10-04,TCS,2075.0,2026-10-27,1760.0,TCS26OCT1760PE,4.5,4.5,4.5
2026-10-04,TCS,2075.0,2026-10-27,1720.0,TCS26OCT1720PE,3.35,3.35,3.35
2026-10-04,WIPRO,159.35,2026-10-27,157.5,WIPRO26OCT157.5PE,4.21,4.21,4.21
2026-10-04,WIPRO,159.35,2026-10-27,155.0,WIPRO26OCT155PE,3.33,3.33,3.33
2026-10-04,WIPRO,159.35,2026-10-27,152.5,WIPRO26OCT152.5PE,2.63,2.63,2.63
2026-10-04,WIPRO,159.35,2026-10-27,150.0,WIPRO26OCT150PE,1.96,1.96,1.96
2026-10-04,WIPRO,159.35,2026-10-27,147.5,WIPRO26OCT147.5PE,1.47,1.47,1.47
2026-10-04,WIPRO,159.35,2026-10-27,145.0,WIPRO26OCT145PE,1.07,1.07,1.07
2026-10-04,WIPRO,159.35,2026-10-27,142.5,WIPRO26OCT142.5PE,0.72,0.72,0.72
2026-10-04,WIPRO,159.35,2026-10-27,140.0,WIPRO26OCT140PE,0.49,0.49,0.49
2026-10-04,WIPRO,159.35,2026-10-27,135.0,WIPRO26OCT135PE,0.25,0.25,0.25
2026-10-04,WIPRO,159.35,2026-10-27,130.0,WIPRO26OCT130PE,0.06,0.06,0.06
2026-10-04,NIFTY,22421.95,2026-10-27,22400.0,NIFTY26OCT22400PE,270.25,270.25,270.25
2026-10-04,NIFTY,22421.95,2026-10-27,22350.0,NIFTY26OCT22350PE,247.4,247.4,247.4
2026-10-04,NIFTY,22421.95,2026-10-27,22300.0,NIFTY26OCT22300PE,232.35,232.35,232.35
2026-10-04,NIFTY,22421.95,2026-10-27,22250.0,NIFTY26OCT22250PE,215.85,215.85,215.85
2026-10-04,NIFTY,22421.95,2026-10-27,22200.0,NIFTY26OCT22200PE,203.1,203.1,203.1
2026-10-04,NIFTY,22421.95,2026-10-27,22150.0,NIFTY26OCT22150PE,184.8,184.8,184.8
2026-10-04,NIFTY,22421.95,2026-10-27,22100.0,NIFTY26OCT22100PE,172.9,172.9,172.9
2026-10-04,NIFTY,22421.95,2026-10-27,22050.0,NIFTY26OCT22050PE,160.9,160.9,160.9
2026-10-04,NIFTY,22421.95,2026-10-27,22000.0,NIFTY26OCT22000PE,147.05,147.05,147.05
2026-10-04,NIFTY,22421.95,2026-10-27,21950.0,NIFTY26OCT21950PE,137.35,137.35,137.35
2026-10-04,NIFTY,22421.95,2026-10-27,21900.0,NIFTY26OCT21900PE,127.25,127.25,127.25
2026-10-04,NIFTY,22421.95,2026-10-27,21850.0,NIFTY26OCT21850PE,117.9,117.9,117.9
2026-10-04,NIFTY,22421.95,2026-10-27,21800.0,NIFTY26OCT21800PE,108.0,108.0,108
2026-10-04,NIFTY,22421.95,2026-10-27,21750.0,NIFTY26OCT21750PE,102.3,102.3,102.3
2026-10-04,NIFTY,22421.95,2026-10-27,21700.0,NIFTY26OCT21700PE,93.1,93.1,93.1
2026-10-04,NIFTY,22421.95,2026-10-27,21650.0,NIFTY26OCT21650PE,85.05,85.05,85.05
2026-10-04,NIFTY,22421.95,2026-10-27,21600.0,NIFTY26OCT21600PE,79.3,79.3,79.3
2026-10-04,NIFTY,22421.95,2026-10-27,21550.0,NIFTY26OCT21550PE,74.25,74.25,74.25
2026-10-04,NIFTY,22421.95,2026-10-27,21500.0,NIFTY26OCT21500PE,69.8,69.8,69.8
2026-10-04,NIFTY,22421.95,2026-10-27,21450.0,NIFTY26OCT21450PE,64.35,64.35,64.35
2026-10-04,NIFTY,22421.95,2026-10-27,21400.0,NIFTY26OCT21400PE,60.45,60.45,60.45
2026-10-04,NIFTY,22421.95,2026-10-27,21350.0,NIFTY26OCT21350PE,57.15,57.15,57.15
2026-10-04,NIFTY,22421.95,2026-10-27,21300.0,NIFTY26OCT21300PE,52.0,52.0,52
2026-10-04,NIFTY,22421.95,2026-10-27,21250.0,NIFTY26OCT21250PE,49.4,49.4,49.4
2026-10-04,NIFTY,22421.95,2026-10-27,21200.0,NIFTY26OCT21200PE,45.9,45.9,45.9
2026-10-04,NIFTY,22421.95,2026-10-27,21150.0,NIFTY26OCT21150PE,43.5,43.5,43.5
2026-10-04,NIFTY,22421.95,2026-10-27,21100.0,NIFTY26OCT21100PE,39.1,39.1,39.1
2026-10-04,NIFTY,22421.95,2026-10-27,21050.0,NIFTY26OCT21050PE,38.25,38.25,38.25
2026-10-04,NIFTY,22421.95,2026-10-27,21000.0,NIFTY26OCT21000PE,35.8,35.8,35.8
2026-10-04,NIFTY,22421.95,2026-10-27,20950.0,NIFTY26OCT20950PE,34.55,34.55,34.55
2026-10-04,BANKNIFTY,54450.75,2026-10-27,54400.0,BANKNIFTY26OCT54400PE,737.9,737.9,737.9
2026-10-04,BANKNIFTY,54450.75,2026-10-27,54300.0,BANKNIFTY26OCT54300PE,699.2,699.2,699.2
2026-10-04,BANKNIFTY,54450.75,2026-10-27,54200.0,BANKNIFTY26OCT54200PE,662.5,662.5,662.5
2026-10-04,BANKNIFTY,54450.75,2026-10-27,54100.0,BANKNIFTY26OCT54100PE,623.05,623.05,623.05
2026-10-04,BANKNIFTY,54450.75,2026-10-27,54000.0,BANKNIFTY26OCT54000PE,593.1,593.1,593.1
2026-10-04,BANKNIFTY,54450.75,2026-10-27,53900.0,BANKNIFTY26OCT53900PE,564.95,564.95,564.95
2026-10-04,BANKNIFTY,54450.75,2026-10-27,53800.0,BANKNIFTY26OCT53800PE,532.6,532.6,532.6
2026-10-04,BANKNIFTY,54450.75,2026-10-27,53700.0,BANKNIFTY26OCT53700PE,494.95,494.95,494.95
2026-10-04,BANKNIFTY,54450.75,2026-10-27,53600.0,BANKNIFTY26OCT53600PE,473.95,473.95,473.95
2026-10-04,BANKNIFTY,54450.75,2026-10-27,53500.0,BANKNIFTY26OCT53500PE,446.0,446.0,446
2026-10-04,BANKNIFTY,54450.75,2026-10-27,53400.0,BANKNIFTY26OCT53400PE,426.6,426.6,426.6
2026-10-04,BANKNIFTY,54450.75,2026-10-27,53300.0,BANKNIFTY26OCT53300PE,402.5,402.5,402.5
2026-10-04,BANKNIFTY,54450.75,2026-10-27,53200.0,BANKNIFTY26OCT53200PE,375.45,375.45,375.45
2026-10-04,BANKNIFTY,54450.75,2026-10-27,53100.0,BANKNIFTY26OCT53100PE,358.55,358.55,358.55
2026-10-04,BANKNIFTY,54450.75,2026-10-27,53000.0,BANKNIFTY26OCT53000PE,334.9,334.9,334.9
2026-10-04,BANKNIFTY,54450.75,2026-10-27,52900.0,BANKNIFTY26OCT52900PE,320.05,320.05,320.05
2026-10-04,BANKNIFTY,54450.75,2026-10-27,52800.0,BANKNIFTY26OCT52800PE,302.55,302.55,302.55
2026-10-04,BANKNIFTY,54450.75,2026-10-27,52700.0,BANKNIFTY26OCT52700PE,281.05,281.05,281.05
2026-10-04,BANKNIFTY,54450.75,2026-10-27,52600.0,BANKNIFTY26OCT52600PE,269.65,269.65,269.65
2026-10-04,BANKNIFTY,54450.75,2026-10-27,52500.0,BANKNIFTY26OCT52500PE,253.8,253.8,253.8
2026-10-04,BANKNIFTY,54450.75,2026-10-27,52400.0,BANKNIFTY26OCT52400PE,238.3,238.3,238.3
2026-10-04,BANKNIFTY,54450.75,2026-10-27,52300.0,BANKNIFTY26OCT52300PE,223.85,223.85,223.85
2026-10-04,BANKNIFTY,54450.75,2026-10-27,52200.0,BANKNIFTY26OCT52200PE,207.4,207.4,207.4
2026-10-04,BANKNIFTY,54450.75,2026-10-27,52100.0,BANKNIFTY26OCT52100PE,203.5,203.5,203.5
2026-10-04,BANKNIFTY,54450.75,2026-10-27,52000.0,BANKNIFTY26OCT52000PE,187.75,187.75,187.75
2026-10-04,BANKNIFTY,54450.75,2026-10-27,51900.0,BANKNIFTY26OCT51900PE,179.25,179.25,179.25
2026-10-04,BANKNIFTY,54450.75,2026-10-27,51800.0,BANKNIFTY26OCT51800PE,171.15,171.15,171.15
2026-10-04,BANKNIFTY,54450.75,2026-10-27,51700.0,BANKNIFTY26OCT51700PE,158.4,158.4,158.4
2026-10-04,BANKNIFTY,54450.75,2026-10-27,51600.0,BANKNIFTY26OCT51600PE,150.25,150.25,150.25
2026-10-04,BANKNIFTY,54450.75,2026-10-27,51500.0,BANKNIFTY26OCT51500PE,140.45,140.45,140.45
